Joseph's knife,AtLocation,kitchen
Joseph's bench,AtLocation,bus_stop
Charles's mouse,AtLocation,hole_in_wall
William's cat,AtLocation,outside
Elizabeth's mouse,AtLocation,department_store
Robert's cat,AtLocation,it's_basket
Jessica's frisbee,AtLocation,roof
Linda's sports_ball,AtLocation,baseball_game
Linda's airplane,AtLocation,sky
Jessica's horse,AtLocation,loosebox
Susan's book,AtLocation,stack
William's cat,AtLocation,lap
Jennifer's book,AtLocation,shelf
Joseph's dog,AtLocation,it's_kennel
Thomas's bird,AtLocation,forest
Richard's book,AtLocation,table
Mary's cat,AtLocation,house
John's bed,AtLocation,hospital
Elizabeth's cat,AtLocation,roof
Patricia's cow,AtLocation,country_field
John's person,AtLocation,zoo
Jessica's handbag,AtLocation,wardrobe
Richard's umbrella,AtLocation,backseat_of_car
Robert's book,AtLocation,bookshelf
Thomas's spoon,AtLocation,dinner
Jennifer's sports_ball,AtLocation,sports_shop
Karen's bear,AtLocation,drawer
Karen's car,AtLocation,city
Robert's book,AtLocation,university
John's bowl,AtLocation,sink
Richard's traffic_light,AtLocation,street
Sarah's mouse,AtLocation,desk
Jessica's clock,AtLocation,house
Richard's dog,AtLocation,pet_store
Barbara's frisbee,AtLocation,tree
Richard's cat,AtLocation,backyard
Mary's car,AtLocation,parking_lot
Charles's boat,AtLocation,river
James's bed,AtLocation,apartment
Richard's dog,AtLocation,kennel
Richard's apple,AtLocation,grocery_store
Michael's elephant,AtLocation,africa
Barbara's mouse,AtLocation,desktop
Joseph's dog,AtLocation,dogpound
Karen's zebra,AtLocation,zoo
Richard's sheep,AtLocation,fair
Jennifer's cat,AtLocation,comfortable_chair
Joseph's umbrella,AtLocation,closet
Jessica's dog,AtLocation,kennel
Mary's tv,AtLocation,bedroom
Charles's dog,AtLocation,park
Jennifer's dog,AtLocation,porch
Elizabeth's horse,AtLocation,state_fair
Jessica's keyboard,AtLocation,school
Patricia's fork,AtLocation,plane
Charles's cake,AtLocation,bakery
Thomas's dog,AtLocation,doghouse
Patricia's bird,AtLocation,tree
Susan's cat,AtLocation,backyard
Barbara's stop_sign,AtLocation,bus_stop
Elizabeth's umbrella,AtLocation,beach
Michael's dog,AtLocation,dog_owner's_home
Barbara's mouse,AtLocation,dirty_house
Mary's boat,AtLocation,bay
Richard's chair,AtLocation,desk
Patricia's cat,AtLocation,houseplant
Mary's boat,AtLocation,river
Linda's kite,AtLocation,park
Robert's mouse,AtLocation,corn_field
Sarah's cow,AtLocation,farmyard
Joseph's book,AtLocation,bibliography_of_another_book
William's mouse,AtLocation,grain_field
James's sink,AtLocation,kitchen_or_bathroom
Thomas's chair,AtLocation,desk
Jessica's cow,AtLocation,fenced_in_area
Sarah's knife,AtLocation,kitchen_drawer
Sarah's bicycle,AtLocation,garage
Linda's toothbrush,AtLocation,suitcase
Charles's cow,AtLocation,streets_of_india
William's book,AtLocation,college_store
Richard's cat,AtLocation,bed
Mary's book,AtLocation,store
Joseph's cat,AtLocation,back_yard
Jennifer's cat,AtLocation,rug
Sarah's bed,AtLocation,hospital
Joseph's sink,AtLocation,kitchen
Barbara's cat,AtLocation,lower_brances_of_tree
Jessica's oven,AtLocation,home
Mary's cat,AtLocation,roof
Thomas's knife,AtLocation,kitchen
Barbara's laptop,AtLocation,desk
Barbara's knife,AtLocation,fishing_boat
Elizabeth's zebra,AtLocation,zoo
David's cat,AtLocation,way
Patricia's airplane,AtLocation,sky
David's knife,AtLocation,kitchen
William's cow,AtLocation,meat_grinder
Jessica's bed,AtLocation,loft
Barbara's spoon,AtLocation,table
David's toilet,AtLocation,motel_room
Jessica's mouse,AtLocation,lab_maze
Robert's bed,AtLocation,loft
Susan's person,AtLocation,hospital
Robert's book,AtLocation,coffee_table
John's chair,AtLocation,floor
Robert's apple,AtLocation,apple_orchard
James's cat,AtLocation,alleyway
Linda's cat,AtLocation,closet
William's bicycle,AtLocation,street
Joseph's apple,AtLocation,toffee_apple
John's sink,AtLocation,kitchen
William's apple,AtLocation,grocery_store
James's fork,AtLocation,table
Richard's airplane,AtLocation,hanger
Susan's bowl,AtLocation,cabinet
Elizabeth's horse,AtLocation,movies
Patricia's cat,AtLocation,vet
Robert's fork,AtLocation,resturant
Karen's bed,AtLocation,rest_area
Karen's book,AtLocation,house
Barbara's cat,AtLocation,cat_litter_tray
Barbara's dog,AtLocation,kennel
James's dining_table,AtLocation,formal_dining_room
James's book,AtLocation,bookcase
Jessica's airplane,AtLocation,air
Jessica's cat,AtLocation,alleyway
Linda's horse,AtLocation,farmyard
James's dog,AtLocation,kennel
James's mouse,AtLocation,laboratory
Susan's toothbrush,AtLocation,suitcase
Thomas's sink,AtLocation,bathroom_and_kitchen
Jessica's bus,AtLocation,artifact
Charles's tv,AtLocation,house
James's toilet,AtLocation,bathroom
Susan's tv,AtLocation,livingroom
Linda's person,AtLocation,desk
David's toilet,AtLocation,rest_area
Michael's mouse,AtLocation,corn_field
Michael's knife,AtLocation,stabbing_victim
Susan's bottle,AtLocation,nursery
William's tv,AtLocation,apartment
Joseph's chair,AtLocation,room
Richard's umbrella,AtLocation,suitcase
Karen's cat,AtLocation,ground
Susan's horse,AtLocation,field_romping
Thomas's mouse,AtLocation,cupboard
Patricia's book,AtLocation,shelf
Thomas's stop_sign,AtLocation,corner_of_two_streets
Jennifer's dog,AtLocation,kennel
John's pizza,AtLocation,oven
Patricia's cow,AtLocation,butcher_shop
Jennifer's toilet,AtLocation,house
Elizabeth's tv,AtLocation,apartment
Sarah's cat,AtLocation,table
Joseph's tv,AtLocation,bedroom
Joseph's car,AtLocation,scrapyard
Charles's horse,AtLocation,circus
John's cat,AtLocation,town
Robert's cat,AtLocation,vet
John's car,AtLocation,parking_lot
Jennifer's horse,AtLocation,race_track
Jennifer's mouse,AtLocation,corn_field
Jennifer's bench,AtLocation,bus_stop
Jessica's mouse,AtLocation,mousehouse
Barbara's bird,AtLocation,air
Robert's dog,AtLocation,petshop
James's chair,AtLocation,theatre
David's toilet,AtLocation,house
John's cow,AtLocation,cowbarn
Barbara's teddy_bear,AtLocation,shelf
Linda's toilet,AtLocation,trash
Mary's boat,AtLocation,ocean
Sarah's car,AtLocation,freeway
Michael's horse,AtLocation,stall
Susan's apple,AtLocation,apple_orchard
Robert's apple,AtLocation,produce_section_of_supermarket
Joseph's dog,AtLocation,table
Richard's sandwich,AtLocation,plate
Sarah's oven,AtLocation,pizza_store
Barbara's book,AtLocation,library
Thomas's mouse,AtLocation,internet_cafe
Robert's kite,AtLocation,air
John's mouse,AtLocation,old_barn
Thomas's cat,AtLocation,barn
Jessica's cup,AtLocation,apartment
Sarah's chair,AtLocation,desk
Robert's mouse,AtLocation,hole_in_wall
David's toilet,AtLocation,bathroom
Mary's mouse,AtLocation,grainery
James's mouse,AtLocation,grass
Richard's cup,AtLocation,washing_up_bowl
Sarah's cat,AtLocation,cream
William's refrigerator,AtLocation,garage
Jennifer's suitcase,AtLocation,cargo_hold
John's scissors,AtLocation,backpack
Charles's book,AtLocation,house
David's stop_sign,AtLocation,fork_in_road
Sarah's bed,AtLocation,house
Joseph's clock,AtLocation,table
Sarah's car,AtLocation,repair_shop
Jennifer's cat,AtLocation,barn
Jessica's bed,AtLocation,homewares_department
Mary's cat,AtLocation,way
Jennifer's horse,AtLocation,stall
William's cow,AtLocation,canada
John's person,AtLocation,corner_of_two_streets
Susan's mouse,AtLocation,attic
Patricia's sink,AtLocation,kitchen
Robert's umbrella,AtLocation,seattle
Michael's mouse,AtLocation,hole_in_wall
Linda's car,AtLocation,parking_lot
Joseph's frisbee,AtLocation,park
John's cup,AtLocation,dishwasher
Mary's tv,AtLocation,family_room
Karen's cat,AtLocation,house
Karen's vase,AtLocation,cabinet
Karen's car,AtLocation,car_show
Jennifer's chair,AtLocation,kitchen
Mary's mouse,AtLocation,garage
James's cat,AtLocation,animal_shops
Thomas's bird,AtLocation,nest
Elizabeth's spoon,AtLocation,cutlery_drawer
Barbara's cat,AtLocation,home
Joseph's mouse,AtLocation,computer_store
Patricia's mouse,AtLocation,cellar
Jessica's mouse,AtLocation,research_laboratory
Jennifer's cake,AtLocation,refrigerator
Linda's fork,AtLocation,table
David's cat,AtLocation,chinese_resturant
Sarah's cow,AtLocation,butcher_shop
Jennifer's mouse,AtLocation,america
John's car,AtLocation,parking_lot
Karen's car,AtLocation,parade
Charles's dog,AtLocation,leash
Joseph's bus,AtLocation,michigan
John's cow,AtLocation,feed_lot
John's spoon,AtLocation,bed
Thomas's car,AtLocation,driveway
William's bird,AtLocation,tree
Jennifer's airplane,AtLocation,air
William's sports_ball,AtLocation,sporting_good_store
Jennifer's book,AtLocation,bookshelf
Mary's horse,AtLocation,equestrian_competition
Patricia's chair,AtLocation,confession
Michael's dog,AtLocation,backyard
John's stop_sign,AtLocation,street_corner
James's bear,AtLocation,drawer
Charles's dog,AtLocation,rug
Elizabeth's knife,AtLocation,kitchen
Patricia's oven,AtLocation,pizza_place
Thomas's broccoli,AtLocation,farmer's_market
Michael's mouse,AtLocation,abandoned_houses
William's cake,AtLocation,birthday_party
John's bicycle,AtLocation,street
David's book,AtLocation,row
Linda's fork,AtLocation,cutlery_drawer
Elizabeth's bowl,AtLocation,cubboard
Jessica's umbrella,AtLocation,beach
Jessica's chair,AtLocation,church
Susan's mouse,AtLocation,barn_full_of_grain
Linda's cow,AtLocation,cow_barn
Michael's car,AtLocation,neighbor's_house
James's chair,AtLocation,bedroom
John's fork,AtLocation,table
Patricia's mouse,AtLocation,abandoned_houses
Jessica's couch,AtLocation,house
John's mouse,AtLocation,disneyland
Karen's bird,AtLocation,nest
Karen's mouse,AtLocation,america
Mary's bicycle,AtLocation,garage
Jennifer's person,AtLocation,phine_directory
James's chair,AtLocation,room
Charles's mouse,AtLocation,kitchen
Linda's bus,AtLocation,city
Jennifer's fork,AtLocation,plate
John's mouse,AtLocation,computer
Jessica's umbrella,AtLocation,seattle
Joseph's fork,AtLocation,napkin
Sarah's cow,AtLocation,stable
Susan's dog,AtLocation,kennel
David's zebra,AtLocation,zoo
Jennifer's spoon,AtLocation,soup
David's elephant,AtLocation,africa
William's couch,AtLocation,livingroom
Thomas's microwave,AtLocation,kitchen
Charles's cow,AtLocation,slaughter_house
Thomas's cat,AtLocation,barn
Barbara's cake,AtLocation,party
William's stop_sign,AtLocation,street_corner
John's fork,AtLocation,table
David's cat,AtLocation,it's_basket
Linda's cat,AtLocation,apartment
Thomas's mouse,AtLocation,attic
Linda's tv,AtLocation,livingroom
Charles's bird,AtLocation,countryside
Barbara's car,AtLocation,packinglot
John's cow,AtLocation,cow_pasture
Patricia's car,AtLocation,in_phoenix
Thomas's dog,AtLocation,table
Joseph's toilet,AtLocation,bathroom
Barbara's chair,AtLocation,airport
Karen's cat,AtLocation,back_yard
Karen's bottle,AtLocation,grocery_store
Richard's mouse,AtLocation,computer_lab
Elizabeth's mouse,AtLocation,tom_and_jerry_cartoon
Michael's bus,AtLocation,bus_stop
William's airplane,AtLocation,military_base
Charles's clock,AtLocation,office_building
James's cow,AtLocation,ranch
Jennifer's toothbrush,AtLocation,suitcase
Mary's book,AtLocation,store
Karen's tv,AtLocation,family_room
Jennifer's bear,AtLocation,countryside
Mary's book,AtLocation,hands_of_student
Elizabeth's apple,AtLocation,apple_tree
Mary's boat,AtLocation,harbor
Linda's clock,AtLocation,office_building
Karen's bottle,AtLocation,drink
William's apple,AtLocation,toffee_apple
Charles's horse,AtLocation,cavalry
Mary's mouse,AtLocation,laboratory
Karen's mouse,AtLocation,small_hole
Richard's spoon,AtLocation,kitchen_drawer
Barbara's car,AtLocation,neighbor's_house
Mary's refrigerator,AtLocation,garage
David's bottle,AtLocation,refigerator
Jennifer's tv,AtLocation,appliance_store
Mary's bicycle,AtLocation,garage
Charles's mouse,AtLocation,kitchen
Barbara's traffic_light,AtLocation,corner_of_two_streets
Sarah's umbrella,AtLocation,closet
Joseph's frisbee,AtLocation,air
Mary's book,AtLocation,classroom
Jennifer's bicycle,AtLocation,toy_store
Thomas's boat,AtLocation,lake
Jennifer's suitcase,AtLocation,cargo_hold
Patricia's keyboard,AtLocation,desk
Michael's mouse,AtLocation,laboratory
Sarah's bicycle,AtLocation,street
Richard's chair,AtLocation,room
Sarah's toilet,AtLocation,bathroom
Jessica's cow,AtLocation,grass
David's person,AtLocation,synagogue
Jessica's kite,AtLocation,air
James's suitcase,AtLocation,movie
Elizabeth's mouse,AtLocation,desktop
Richard's cat,AtLocation,dogs_mouth
Elizabeth's cup,AtLocation,sand_box
Charles's mouse,AtLocation,sewer
John's couch,AtLocation,livingroom
Linda's toothbrush,AtLocation,suitcase
Barbara's mouse,AtLocation,computer_lab
William's dog,AtLocation,doghouse
Charles's elephant,AtLocation,circus
Joseph's bicycle,AtLocation,street
Thomas's knife,AtLocation,pocket
William's mouse,AtLocation,petshop
Linda's mouse,AtLocation,garage
Jennifer's cat,AtLocation,lap
John's cow,AtLocation,paddock
Elizabeth's dog,AtLocation,desk
Karen's clock,AtLocation,house
Barbara's sink,AtLocation,kitchen
Sarah's oven,AtLocation,restaurant
Jennifer's bicycle,AtLocation,street
Jessica's mouse,AtLocation,abandoned_houses
Susan's mouse,AtLocation,new_york
Linda's mouse,AtLocation,pantry
Jessica's cat,AtLocation,chair
Robert's boat,AtLocation,river
Patricia's dog,AtLocation,backyard
Jessica's airplane,AtLocation,military_base
Karen's bicycle,AtLocation,store
John's mouse,AtLocation,sewer
Michael's book,AtLocation,closet
Joseph's handbag,AtLocation,shop
Patricia's giraffe,AtLocation,zoo
David's sink,AtLocation,kitchen
Karen's mouse,AtLocation,computer
Robert's chair,AtLocation,porch
Sarah's chair,AtLocation,motel
Jennifer's cat,AtLocation,sofa
Mary's bird,AtLocation,sky
Linda's cat,AtLocation,cat_box
Michael's dog,AtLocation,couch
James's sheep,AtLocation,farm
Michael's car,AtLocation,city
Thomas's cat,AtLocation,cat_lover's_lap
Joseph's tv,AtLocation,house
Susan's potted_plant,AtLocation,table
Susan's cup,AtLocation,restaurant
Jessica's horse,AtLocation,kentucky_derby
Sarah's clock,AtLocation,store
Sarah's mouse,AtLocation,lab_maze
Joseph's cat,AtLocation,zoo
Elizabeth's toilet,AtLocation,stadium
Patricia's chair,AtLocation,cubicle
Jennifer's spoon,AtLocation,table_setting
Elizabeth's book,AtLocation,briefcase
Sarah's bicycle,AtLocation,street
Susan's mouse,AtLocation,garage
William's couch,AtLocation,house
Patricia's mouse,AtLocation,computer
James's elephant,AtLocation,circus
Barbara's fork,AtLocation,a
Michael's knife,AtLocation,drawer_in_kitchen
Charles's clock,AtLocation,wall
Linda's book,AtLocation,bookshop
John's mouse,AtLocation,shelf
Michael's horse,AtLocation,kentucky
William's stop_sign,AtLocation,corner_of_two_streets
Patricia's cat,AtLocation,bag
Charles's cat,AtLocation,sunbeam
Mary's horse,AtLocation,barn_or_racing_track
Elizabeth's bus,AtLocation,bus_station
Richard's cow,AtLocation,fence
Susan's mouse,AtLocation,laboratory
Barbara's person,AtLocation,corner_of_two_streets
Patricia's bird,AtLocation,sky
Barbara's horse,AtLocation,outside
Michael's mouse,AtLocation,cupboard
Elizabeth's cow,AtLocation,dairy_farm
Elizabeth's person,AtLocation,garage
Mary's couch,AtLocation,den
John's couch,AtLocation,canada
Charles's dog,AtLocation,park
Robert's sink,AtLocation,laundry_room
Michael's bench,AtLocation,bus_stop
James's mouse,AtLocation,farm
Mary's couch,AtLocation,livingroom
Michael's book,AtLocation,backpack
David's scissors,AtLocation,backpack
Joseph's broccoli,AtLocation,farmer's_market
Susan's horse,AtLocation,race_track
David's bird,AtLocation,air
Jessica's person,AtLocation,building
David's fork,AtLocation,table
Mary's bench,AtLocation,bus_depot
Jessica's horse,AtLocation,picture_book_of_horses
Linda's cat,AtLocation,windowsill
Elizabeth's car,AtLocation,street_corner
Joseph's couch,AtLocation,rest_area
Jennifer's cat,AtLocation,petshop
David's stop_sign,AtLocation,fork_in_road
David's horse,AtLocation,canada
Linda's mouse,AtLocation,pantry
Jennifer's frisbee,AtLocation,park
James's cake,AtLocation,bakery
Karen's chair,AtLocation,room
Richard's dog,AtLocation,petshop
Elizabeth's mouse,AtLocation,grain_bin
Sarah's cat,AtLocation,chair
Linda's horse,AtLocation,new_hampshire
Jennifer's dog,AtLocation,table
James's bed,AtLocation,hospital
Richard's bed,AtLocation,room
Richard's oven,AtLocation,home
Thomas's bench,AtLocation,bus_depot
John's clock,AtLocation,desk
Sarah's car,AtLocation,city
Michael's cat,AtLocation,hiding
Jessica's bird,AtLocation,windowsill
David's dog,AtLocation,backyard
Patricia's cat,AtLocation,windowsill
Mary's book,AtLocation,backpack
Richard's mouse,AtLocation,kitchen
Elizabeth's toilet,AtLocation,hospital
Michael's bench,AtLocation,dugout
Thomas's cat,AtLocation,windowsill
Barbara's sink,AtLocation,kitchen
Susan's mouse,AtLocation,computer_lab
Mary's chair,AtLocation,synagogue
Karen's bus,AtLocation,street
Jennifer's mouse,AtLocation,garage
Karen's cow,AtLocation,herd
Jennifer's cake,AtLocation,oven
Sarah's bus,AtLocation,bus_stop
Michael's toilet,AtLocation,rest_area
Patricia's bus,AtLocation,artifact
Patricia's mouse,AtLocation,cellar
Elizabeth's spoon,AtLocation,hand
Karen's cat,AtLocation,back_yard
David's bird,AtLocation,sky
Charles's horse,AtLocation,farmyard
Karen's mouse,AtLocation,barn_full_of_grain
Sarah's refrigerator,AtLocation,home
John's bed,AtLocation,house
William's horse,AtLocation,stabile
Mary's airplane,AtLocation,airplane_hangar
Michael's bus,AtLocation,bus_stop
Joseph's cat,AtLocation,vet
Charles's car,AtLocation,parking_lot
Michael's sink,AtLocation,kitchen
David's car,AtLocation,parade
Patricia's cat,AtLocation,it's_basket
William's knife,AtLocation,pocket
Susan's person,AtLocation,demonstration
Jennifer's toothbrush,AtLocation,store
Linda's kite,AtLocation,toy_store
Karen's pizza,AtLocation,oven
William's fork,AtLocation,untensil_drawer
Sarah's car,AtLocation,repair_shop
Jennifer's horse,AtLocation,country
Linda's horse,AtLocation,cartoon
David's knife,AtLocation,knife_block
Barbara's mouse,AtLocation,desk
Jessica's bird,AtLocation,nest
David's bed,AtLocation,rest_area
Jessica's couch,AtLocation,house
David's cat,AtLocation,house
Barbara's bench,AtLocation,state_park
Charles's apple,AtLocation,apple_tree
William's mouse,AtLocation,sewer
David's car,AtLocation,parking_lot
Mary's sink,AtLocation,chemistry_lab
Elizabeth's umbrella,AtLocation,car
Karen's tv,AtLocation,arizona
Robert's horse,AtLocation,western_movie
Patricia's dog,AtLocation,pet_store
James's hot_dog,AtLocation,soccer_game
Barbara's cup,AtLocation,water_fountain
William's toothbrush,AtLocation,dentist
Richard's cat,AtLocation,table
Jennifer's potted_plant,AtLocation,windowsill
Jessica's cat,AtLocation,bed
Susan's bird,AtLocation,sky
Barbara's dog,AtLocation,front_door
Linda's bicycle,AtLocation,street
Barbara's boat,AtLocation,bay
Linda's bicycle,AtLocation,bicycle_shop
Elizabeth's cow,AtLocation,cow_barn
Barbara's dog,AtLocation,table
David's dog,AtLocation,ground
John's cow,AtLocation,corral
Sarah's mouse,AtLocation,hole_in_wall
James's kite,AtLocation,air
Joseph's umbrella,AtLocation,rainy_place
Charles's bottle,AtLocation,store
Robert's mouse,AtLocation,trap
Thomas's clock,AtLocation,store
Joseph's cat,AtLocation,closet
Jessica's giraffe,AtLocation,drawer
Charles's cow,AtLocation,livestock_market
David's sports_ball,AtLocation,sport
Elizabeth's apple,AtLocation,orchard
Sarah's cow,AtLocation,feed_lot
Barbara's mouse,AtLocation,cupboard
Jessica's fork,AtLocation,road
Susan's mouse,AtLocation,laboratory
Michael's chair,AtLocation,motel
Sarah's bird,AtLocation,cage
Michael's car,AtLocation,road
Thomas's bed,AtLocation,relatives_house
Jessica's bench,AtLocation,bus_stop
Patricia's cat,AtLocation,vet
Jessica's horse,AtLocation,stall
Robert's cow,AtLocation,milking_barn
Elizabeth's toilet,AtLocation,apartment
Jessica's cup,AtLocation,dishwasher
Richard's mouse,AtLocation,tom_and_jerry_cartoon
Linda's cake,AtLocation,party
Michael's horse,AtLocation,trailer
Joseph's person,AtLocation,building
Charles's dog,AtLocation,doghouse
Robert's cat,AtLocation,barn
Elizabeth's book,AtLocation,pile_of_books
Thomas's toilet,AtLocation,house
Patricia's bed,AtLocation,basement
John's mouse,AtLocation,kitchen
Elizabeth's refrigerator,AtLocation,hospital_drug_storeroom
Michael's fork,AtLocation,kitchen
Joseph's car,AtLocation,race_track
Richard's cup,AtLocation,drink
Sarah's airplane,AtLocation,hangar
Patricia's mouse,AtLocation,laboratory
Karen's horse,AtLocation,john_wayne_movie
Linda's bicycle,AtLocation,schoolyard
David's bowl,AtLocation,cubboard
Karen's fork,AtLocation,napkin
William's mouse,AtLocation,cellar
Richard's dog,AtLocation,kennel
Richard's cow,AtLocation,red_barn
Robert's book,AtLocation,shelf
Sarah's truck,AtLocation,garage
Patricia's spoon,AtLocation,dinner
Jessica's oven,AtLocation,prison
Thomas's cow,AtLocation,canada
Karen's dog,AtLocation,dog_house
Jessica's book,AtLocation,synagogue
David's handbag,AtLocation,wardrobe
Mary's knife,AtLocation,kitchen_drawer
Charles's toothbrush,AtLocation,dentist
Charles's cup,AtLocation,washing_up_bowl
Sarah's fork,AtLocation,road
Thomas's spoon,AtLocation,bowl_of_soup
Susan's person,AtLocation,bus_stop
Michael's bed,AtLocation,loft
William's frisbee,AtLocation,air
Linda's cow,AtLocation,dairy_farm
Robert's cow,AtLocation,grass
Thomas's airplane,AtLocation,air
William's cow,AtLocation,countryside
William's couch,AtLocation,den
Joseph's toilet,AtLocation,motel_room
William's car,AtLocation,road
Mary's cup,AtLocation,table
Joseph's airplane,AtLocation,sky
Jennifer's mouse,AtLocation,grainery
Barbara's book,AtLocation,desk
William's cat,AtLocation,lap
Sarah's refrigerator,AtLocation,garage
Thomas's sheep,AtLocation,farm
Linda's horse,AtLocation,equestrian_competition
Jennifer's vase,AtLocation,table
Elizabeth's tv,AtLocation,house
John's horse,AtLocation,canada
John's toothbrush,AtLocation,suitcase
Jennifer's cup,AtLocation,sink
Susan's bicycle,AtLocation,street
Thomas's sports_ball,AtLocation,michaels_hand
Patricia's horse,AtLocation,show
Elizabeth's bird,AtLocation,sea
Barbara's clock,AtLocation,wall
Mary's bench,AtLocation,bus_stop
Sarah's couch,AtLocation,den
James's bird,AtLocation,tree
John's bottle,AtLocation,nursery
Elizabeth's horse,AtLocation,canada
Patricia's cup,AtLocation,kitchen_cabinet
John's chair,AtLocation,desk
Jessica's clock,AtLocation,desk
Jennifer's potted_plant,AtLocation,shelf
Richard's book,AtLocation,satchel
Linda's horse,AtLocation,john_wayne_movie
Richard's cake,AtLocation,cake_tin
Barbara's book,AtLocation,bookshelf
Thomas's dog,AtLocation,bed
Mary's book,AtLocation,book_bag
Charles's cat,AtLocation,alleyway
Mary's cow,AtLocation,countryside
Jessica's mouse,AtLocation,grainery
Sarah's fork,AtLocation,kitchen
William's cat,AtLocation,floor
Sarah's chair,AtLocation,desk
Barbara's person,AtLocation,quandry
Mary's car,AtLocation,highway
Robert's toilet,AtLocation,motel_room
Robert's cat,AtLocation,rug
Michael's book,AtLocation,bedside_table
Elizabeth's cow,AtLocation,stable
James's bus,AtLocation,big_cities
Michael's sports_ball,AtLocation,sports_store
David's bird,AtLocation,nest
Elizabeth's fork,AtLocation,kitchen
Elizabeth's chair,AtLocation,desk
James's toilet,AtLocation,bathroom
Linda's dog,AtLocation,farmyard
Richard's cat,AtLocation,nature
William's horse,AtLocation,race_track
Charles's apple,AtLocation,apple_tree
David's cat,AtLocation,alley
Thomas's bird,AtLocation,forest
John's couch,AtLocation,house
Patricia's cow,AtLocation,butcher's_when_dead
Thomas's chair,AtLocation,porch
John's horse,AtLocation,field_or_stable_or_mcdonalds
Patricia's toilet,AtLocation,hotel
David's umbrella,AtLocation,beach
Robert's sink,AtLocation,bathroom_and_kitchen
Jennifer's frisbee,AtLocation,roof
Charles's bus,AtLocation,school
Joseph's book,AtLocation,shelf
Linda's chair,AtLocation,kitchen
John's fork,AtLocation,drawer
Michael's dog,AtLocation,couch
James's bowl,AtLocation,apartment
Richard's mouse,AtLocation,kitchen
Barbara's umbrella,AtLocation,beach
John's bench,AtLocation,rest_area
William's dog,AtLocation,leash
Sarah's dog,AtLocation,park
Joseph's cow,AtLocation,farmyard
Susan's kite,AtLocation,end_of_line
Elizabeth's suitcase,AtLocation,airplane
James's knife,AtLocation,kitchen
James's apple,AtLocation,orchard
Mary's cat,AtLocation,lap
Michael's cow,AtLocation,farmer's_pasture
Linda's cat,AtLocation,arms
William's cat,AtLocation,backyard
Barbara's cat,AtLocation,nature
John's fork,AtLocation,road
Joseph's teddy_bear,AtLocation,shelf
Jennifer's bed,AtLocation,rest_area
John's cow,AtLocation,slaughter_house
Michael's mouse,AtLocation,cat's_mouth
Michael's knife,AtLocation,silverware_drawer
Mary's cat,AtLocation,sofa
Patricia's cat,AtLocation,way
Charles's mouse,AtLocation,hole
William's mouse,AtLocation,attic
Jennifer's person,AtLocation,hospital
William's cake,AtLocation,party
William's toilet,AtLocation,hospital
John's cat,AtLocation,floor
Susan's knife,AtLocation,sheath
Sarah's kite,AtLocation,end_of_line
James's cow,AtLocation,pasture_grazing
Karen's bed,AtLocation,neighbor's_house
David's kite,AtLocation,air
Elizabeth's scissors,AtLocation,desk
Patricia's cat,AtLocation,nature
Richard's horse,AtLocation,circus
William's horse,AtLocation,circus
Linda's airplane,AtLocation,hanger
Karen's cat,AtLocation,sofa
Elizabeth's sandwich,AtLocation,lunchbox
Richard's cow,AtLocation,milking_stall
John's clock,AtLocation,school_room
Michael's book,AtLocation,backpack
William's pizza,AtLocation,restaurant
Michael's mouse,AtLocation,sewer
Sarah's sports_ball,AtLocation,gymnasium
Jennifer's oven,AtLocation,home
Patricia's dog,AtLocation,house
Linda's fork,AtLocation,plane
Mary's elephant,AtLocation,circus
William's cat,AtLocation,windowsill
Joseph's knife,AtLocation,drawer
Thomas's mouse,AtLocation,laboratory
John's cake,AtLocation,bakery
Joseph's car,AtLocation,parking_lot
Jessica's cup,AtLocation,closet
Karen's cow,AtLocation,fence
Karen's dog,AtLocation,desk
Karen's mouse,AtLocation,kitchen
Charles's clock,AtLocation,own_bedroom
James's mouse,AtLocation,office
Charles's bus,AtLocation,bus_stop
Richard's chair,AtLocation,rest_area
Susan's frisbee,AtLocation,toy_chest
Karen's chair,AtLocation,furniture_store
Susan's dog,AtLocation,house
Richard's frisbee,AtLocation,tree
Jennifer's horse,AtLocation,cavalry
Charles's umbrella,AtLocation,closet
Robert's mouse,AtLocation,cornfield
Joseph's cat,AtLocation,roof
Barbara's mouse,AtLocation,grain_field
Jennifer's knife,AtLocation,knife_store
Michael's cup,AtLocation,kitchen
Joseph's chair,AtLocation,school_room
Barbara's kite,AtLocation,hobby_shop
Karen's cat,AtLocation,warm_place
John's scissors,AtLocation,cabinet
Susan's horse,AtLocation,horsebox
James's microwave,AtLocation,apartment
Patricia's toothbrush,AtLocation,drug_store
Mary's book,AtLocation,classroom
William's cat,AtLocation,bed
Jennifer's fork,AtLocation,kitchen_drawer
Sarah's handbag,AtLocation,department_store
Linda's cell_phone,AtLocation,backpack
Patricia's clock,AtLocation,school_room
Jessica's bus,AtLocation,city
David's bowl,AtLocation,cupboard
Barbara's horse,AtLocation,american_southwest
John's teddy_bear,AtLocation,bed
James's pizza,AtLocation,oven
Sarah's tv,AtLocation,family_room
John's horse,AtLocation,stall_in_barn
James's book,AtLocation,floor
Thomas's toilet,AtLocation,apartment
Richard's banana,AtLocation,monkey's_hand
Robert's toilet,AtLocation,trash
Robert's umbrella,AtLocation,rainy_place
Jennifer's cat,AtLocation,backyard
Susan's bird,AtLocation,tree
Charles's toilet,AtLocation,house
Susan's cow,AtLocation,gateway_country
Linda's car,AtLocation,road
Linda's clock,AtLocation,desk
Jennifer's sink,AtLocation,apartment
John's dog,AtLocation,dogpound
Jessica's book,AtLocation,book_club
Jessica's sandwich,AtLocation,lunchbox
Karen's car,AtLocation,repair_shop
William's truck,AtLocation,freeway
Thomas's cat,AtLocation,alley
John's bed,AtLocation,apartment
Charles's bird,AtLocation,sky
John's book,AtLocation,room_of_educated_person
Susan's fork,AtLocation,kitchen_drawer
Richard's stop_sign,AtLocation,corner_of_two_streets
William's cow,AtLocation,canada
Jessica's knife,AtLocation,drawer
Mary's bicycle,AtLocation,toy_store
Jennifer's cow,AtLocation,paddock
Sarah's bicycle,AtLocation,toy_store
John's elephant,AtLocation,circus
Charles's suitcase,AtLocation,taxi
Linda's cup,AtLocation,kitchen_cabinet
Joseph's refrigerator,AtLocation,garage
Robert's cat,AtLocation,animal_shops
Joseph's toilet,AtLocation,apartment
John's fork,AtLocation,drawer
Linda's dog,AtLocation,dogpound
Michael's mouse,AtLocation,kitchen
Elizabeth's tv,AtLocation,house
Karen's cow,AtLocation,slaughter_house
Karen's kite,AtLocation,child's_hand
Robert's cat,AtLocation,zoo
Charles's cat,AtLocation,cat_box
David's cup,AtLocation,restaurant
Michael's knife,AtLocation,drawer
James's mouse,AtLocation,grain_field
William's giraffe,AtLocation,zoo
James's wine_glass,AtLocation,cupboard
David's cow,AtLocation,outdoors
Barbara's chair,AtLocation,theatre
Patricia's bench,AtLocation,bus_depot
Susan's airplane,AtLocation,military_base
Susan's book,AtLocation,school_room
Thomas's bicycle,AtLocation,garage
David's dog,AtLocation,backyard
Patricia's cake,AtLocation,grocery_store
William's mouse,AtLocation,garden
Thomas's cat,AtLocation,house
Michael's sports_ball,AtLocation,baseball_game
James's bottle,AtLocation,nursery
Mary's cat,AtLocation,alley
Linda's cat,AtLocation,vet
Thomas's horse,AtLocation,stall
Susan's cat,AtLocation,lap
John's book,AtLocation,drawer
Thomas's toilet,AtLocation,bathroom
Sarah's boat,AtLocation,river
John's cow,AtLocation,green_field
Barbara's book,AtLocation,store
Elizabeth's chair,AtLocation,office
Susan's mouse,AtLocation,tom_and_jerry_cartoon
Patricia's boat,AtLocation,harbor
Robert's clock,AtLocation,house
Barbara's boat,AtLocation,water
Sarah's tv,AtLocation,family_room
David's horse,AtLocation,western_movie
Patricia's bed,AtLocation,rest_area
David's horse,AtLocation,barn_or_racing_track
Thomas's cow,AtLocation,milking_stall
Michael's dog,AtLocation,park
Sarah's cow,AtLocation,streets_of_india
Michael's cat,AtLocation,houseplant
Joseph's mouse,AtLocation,small_hole
Susan's bed,AtLocation,hospital
James's cat,AtLocation,chair
Robert's fork,AtLocation,drawer
James's scissors,AtLocation,desk
Joseph's chair,AtLocation,university
Robert's frisbee,AtLocation,frisbee_golf_course
Barbara's knife,AtLocation,drawer
Patricia's cat,AtLocation,lap
Jennifer's cow,AtLocation,barn_field
William's kite,AtLocation,sky
David's fork,AtLocation,drawer
Robert's cow,AtLocation,bart_simpson's_lines
Jessica's bowl,AtLocation,cupboard
Linda's knife,AtLocation,war
Joseph's book,AtLocation,shelf
Mary's scissors,AtLocation,cabinet
Joseph's book,AtLocation,book_store
Linda's horse,AtLocation,racetrack
Mary's refrigerator,AtLocation,food
Thomas's cow,AtLocation,indiana
John's fork,AtLocation,road
Sarah's laptop,AtLocation,internet_cafe
Patricia's dog,AtLocation,outside
Michael's mouse,AtLocation,pantry
Susan's spoon,AtLocation,serving_dish
Robert's mouse,AtLocation,computer_lab
David's cat,AtLocation,closet
Joseph's book,AtLocation,university
Susan's banana,AtLocation,pantry
Robert's tv,AtLocation,livingroom
Jennifer's mouse,AtLocation,computer
John's toilet,AtLocation,bathroom
Elizabeth's boat,AtLocation,lake
Charles's traffic_light,AtLocation,street
Charles's fork,AtLocation,kitchen
Mary's zebra,AtLocation,zoo
John's kite,AtLocation,toy_store
Jessica's car,AtLocation,city
Elizabeth's sink,AtLocation,neighbor's_house
James's umbrella,AtLocation,closet
Patricia's bicycle,AtLocation,garage
Richard's toilet,AtLocation,rest_area
Charles's umbrella,AtLocation,umbrella_stand
Sarah's dog,AtLocation,table
Charles's cat,AtLocation,bed
Karen's refrigerator,AtLocation,home
Joseph's horse,AtLocation,parade
Elizabeth's knife,AtLocation,knife_block
Patricia's horse,AtLocation,cavalry
Sarah's bed,AtLocation,house
Barbara's knife,AtLocation,war
Richard's apple,AtLocation,grocery_store
Jessica's umbrella,AtLocation,umbrella_stand
Joseph's refrigerator,AtLocation,house
William's cat,AtLocation,table
James's knife,AtLocation,kitchen
Linda's sink,AtLocation,home
James's sheep,AtLocation,meadow
Joseph's person,AtLocation,garage
Jessica's bird,AtLocation,birdbath
Patricia's mouse,AtLocation,abandoned_houses
James's sink,AtLocation,house
Mary's cow,AtLocation,countryside
James's car,AtLocation,city
Jennifer's bottle,AtLocation,medicine_cabinet
Charles's boat,AtLocation,river
Michael's bicycle,AtLocation,garage
Richard's car,AtLocation,land
Susan's donut,AtLocation,bakery
Joseph's cow,AtLocation,middle_of_eating_grass
Linda's chair,AtLocation,porch
Barbara's bus,AtLocation,use
Robert's dog,AtLocation,pet_shop
William's book,AtLocation,shelf
Thomas's chair,AtLocation,living_room
John's cat,AtLocation,bag
Robert's umbrella,AtLocation,umbrella_stand
Joseph's cup,AtLocation,cafe
Susan's cup,AtLocation,apartment
Linda's sports_ball,AtLocation,sporting_event
Patricia's bowl,AtLocation,cupboard
Elizabeth's refrigerator,AtLocation,apartment
John's bird,AtLocation,tree
Sarah's cow,AtLocation,butcher_shop
Michael's fork,AtLocation,kitchen
Susan's knife,AtLocation,drawer_in_kitchen
William's cat,AtLocation,lap
Jennifer's book,AtLocation,bookshelf
John's cat,AtLocation,house
Sarah's clock,AtLocation,airport
Sarah's cow,AtLocation,hamburger
Robert's cup,AtLocation,kitchen
Linda's horse,AtLocation,horsebox
William's bicycle,AtLocation,shed
Joseph's person,AtLocation,quandry
Charles's cow,AtLocation,hamburger
Thomas's sheep,AtLocation,meadow
Mary's couch,AtLocation,room
Jennifer's horse,AtLocation,country
Mary's cat,AtLocation,backyard
Mary's bird,AtLocation,nest
Elizabeth's cup,AtLocation,counter
Thomas's mouse,AtLocation,department_store
Joseph's horse,AtLocation,kentucky
John's giraffe,AtLocation,zoo
Richard's tv,AtLocation,family_room
William's giraffe,AtLocation,zoo
Sarah's cow,AtLocation,fiueld
Michael's elephant,AtLocation,zoo
William's stop_sign,AtLocation,corner_of_two_streets
Michael's stop_sign,AtLocation,street_corner
David's mouse,AtLocation,grain_bin
Elizabeth's book,AtLocation,university
Elizabeth's spoon,AtLocation,dishwasher
Mary's cat,AtLocation,way
Linda's chair,AtLocation,office
Michael's cat,AtLocation,rug
Jessica's bottle,AtLocation,liquor_store
Patricia's dog,AtLocation,rug
Richard's mouse,AtLocation,hole_in_wall
Elizabeth's cat,AtLocation,back_yard
Charles's airplane,AtLocation,air
Elizabeth's mouse,AtLocation,garage
Thomas's bird,AtLocation,sky
Michael's dog,AtLocation,rug
John's book,AtLocation,antique_store
David's toilet,AtLocation,space_shuttle
Charles's car,AtLocation,repair_shop
Karen's tv,AtLocation,apartment
Robert's dog,AtLocation,kennel
Richard's dog,AtLocation,it's_kennel
Mary's mouse,AtLocation,country_side
William's book,AtLocation,shelf
John's mouse,AtLocation,grain_silo
Joseph's toilet,AtLocation,apartment
Patricia's knife,AtLocation,back
Jennifer's cake,AtLocation,refrigerator
Susan's person,AtLocation,conference
Robert's cat,AtLocation,zoo
Charles's umbrella,AtLocation,jacket_closet
Thomas's sink,AtLocation,house
David's person,AtLocation,family
James's mouse,AtLocation,research_laboratory
Jennifer's refrigerator,AtLocation,apartment
Elizabeth's chair,AtLocation,university
Jessica's book,AtLocation,bed
Jessica's elephant,AtLocation,zoo
Joseph's mouse,AtLocation,disneyland
Michael's clock,AtLocation,office_building
Elizabeth's fork,AtLocation,table
Michael's chair,AtLocation,neighbor's_house
William's airplane,AtLocation,hanger
Michael's keyboard,AtLocation,office
James's toilet,AtLocation,house
Robert's person,AtLocation,building
Joseph's elephant,AtLocation,circus
William's knife,AtLocation,pocket
Richard's airplane,AtLocation,air
Jennifer's book,AtLocation,table
Patricia's book,AtLocation,classroom
John's horse,AtLocation,equestrian_competition
Sarah's bus,AtLocation,school
Sarah's mouse,AtLocation,attic
Thomas's car,AtLocation,repair_shop
John's book,AtLocation,school_room
James's mouse,AtLocation,box
John's mouse,AtLocation,old_barn
Richard's toilet,AtLocation,hotel
Elizabeth's chair,AtLocation,desk
William's apple,AtLocation,apple_pie
John's person,AtLocation,universe
Mary's sheep,AtLocation,meadow
Michael's book,AtLocation,classroom
Robert's bowl,AtLocation,refrigerator
Elizabeth's cat,AtLocation,cat_box
Robert's fork,AtLocation,kitchen
David's mouse,AtLocation,petshop
Sarah's fork,AtLocation,table
Linda's sandwich,AtLocation,lunchbox
Jennifer's giraffe,AtLocation,zoo
Barbara's mouse,AtLocation,dirty_house
James's dog,AtLocation,kennel
Jennifer's cake,AtLocation,bakery
Linda's chair,AtLocation,kitchen
David's book,AtLocation,bedside_table
Patricia's car,AtLocation,car_dealership
Richard's cat,AtLocation,bed
David's couch,AtLocation,neighbor's_house
Thomas's toilet,AtLocation,bathroom
Thomas's book,AtLocation,classroom
Elizabeth's toilet,AtLocation,bathroom
William's truck,AtLocation,garage
Robert's dog,AtLocation,backyard
Karen's spoon,AtLocation,bowl
Karen's dog,AtLocation,dog_house
Karen's horse,AtLocation,engraving
Joseph's frisbee,AtLocation,deadhead's_van
Charles's car,AtLocation,car_dealership
Barbara's fork,AtLocation,plane
Linda's donut,AtLocation,bakery
Jessica's car,AtLocation,freeway
Barbara's cat,AtLocation,table
Robert's horse,AtLocation,circus
John's chair,AtLocation,floor
Thomas's bird,AtLocation,garden
Jennifer's car,AtLocation,road
William's elephant,AtLocation,india
Linda's book,AtLocation,backpack
Richard's dog,AtLocation,farmyard
Susan's book,AtLocation,library
Joseph's chair,AtLocation,desk
Jessica's bird,AtLocation,nest
James's mouse,AtLocation,cellar
Jennifer's mouse,AtLocation,garden
Patricia's potted_plant,AtLocation,windowsill
Barbara's cup,AtLocation,closet
Jessica's cat,AtLocation,beam_of_sunlight
Barbara's kite,AtLocation,toy_store
Patricia's bicycle,AtLocation,bicycle_shop
Sarah's handbag,AtLocation,store
Susan's boat,AtLocation,water
Mary's mouse,AtLocation,grainery
Jennifer's person,AtLocation,street_corner
Thomas's boat,AtLocation,river
David's cow,AtLocation,barnyard
James's mouse,AtLocation,cupboard
Mary's bird,AtLocation,cage
Karen's bench,AtLocation,lawn
Joseph's giraffe,AtLocation,zoo
James's sink,AtLocation,chemistry_lab
Thomas's person,AtLocation,hospital
Robert's book,AtLocation,bedroom
Barbara's bird,AtLocation,windowsill
Susan's horse,AtLocation,stall
Patricia's bird,AtLocation,bush
Sarah's dog,AtLocation,porch
Joseph's cow,AtLocation,gateway_country
David's cat,AtLocation,bed
Michael's horse,AtLocation,a
Joseph's bird,AtLocation,tree
Joseph's keyboard,AtLocation,desktop
Thomas's car,AtLocation,car_dealership
Jessica's sports_ball,AtLocation,department_store
Robert's mouse,AtLocation,computer_store
Joseph's kite,AtLocation,sky
Sarah's bed,AtLocation,relatives_house
Jennifer's cat,AtLocation,roof
Patricia's cat,AtLocation,alley
David's bicycle,AtLocation,store
David's car,AtLocation,car_show
Joseph's mouse,AtLocation,grainery
Sarah's cat,AtLocation,chair
Mary's chair,AtLocation,office
Patricia's cake,AtLocation,oven
Sarah's dog,AtLocation,rug
James's toothbrush,AtLocation,suitcase
Patricia's giraffe,AtLocation,drawer
Sarah's dog,AtLocation,leash
Sarah's dog,AtLocation,kennel
William's cow,AtLocation,country_field
Sarah's mouse,AtLocation,hole
Richard's broccoli,AtLocation,plate
Barbara's sink,AtLocation,house
Jessica's mouse,AtLocation,hole
Charles's kite,AtLocation,toy_store
David's car,AtLocation,race_track
Barbara's cat,AtLocation,closet
Robert's tv,AtLocation,house
John's sports_ball,AtLocation,gym
Robert's cow,AtLocation,milking_barn
Joseph's boat,AtLocation,lake
Karen's frisbee,AtLocation,deadhead's_van
Joseph's mouse,AtLocation,old_barn
James's spoon,AtLocation,silverware_drawer
Susan's couch,AtLocation,neighbor's_house
Barbara's mouse,AtLocation,corn_field
James's book,AtLocation,room_of_educated_person
Mary's hot_dog,AtLocation,soccer_game
Karen's cat,AtLocation,bed
Richard's spoon,AtLocation,bowl
William's sandwich,AtLocation,lunchbox
Mary's car,AtLocation,repair_shop
David's mouse,AtLocation,grainery
Mary's cat,AtLocation,lap
Robert's horse,AtLocation,circus
James's horse,AtLocation,stall_in_barn
William's chair,AtLocation,office
Sarah's horse,AtLocation,kentucky
William's mouse,AtLocation,cupboard
Michael's horse,AtLocation,spain
Susan's cow,AtLocation,outside_in_pasture
Patricia's boat,AtLocation,river
John's book,AtLocation,bookshelf
Patricia's mouse,AtLocation,grain_silo
Jennifer's hot_dog,AtLocation,fast_food_restaurant
Sarah's sandwich,AtLocation,plate
Michael's bicycle,AtLocation,lab
Mary's mouse,AtLocation,cellar
Charles's microwave,AtLocation,kitchen
Mary's potted_plant,AtLocation,windowsill
William's oven,AtLocation,restaurant
David's bird,AtLocation,tree
Linda's mouse,AtLocation,shelf
Barbara's bottle,AtLocation,fridge
Mary's bowl,AtLocation,table
David's dog,AtLocation,backyard
Jessica's toothbrush,AtLocation,grocery_store
Karen's person,AtLocation,garage
Patricia's horse,AtLocation,a
Joseph's bottle,AtLocation,nursery
Sarah's mouse,AtLocation,garden
David's cow,AtLocation,butcher's_when_dead
Jennifer's chair,AtLocation,office
Charles's elephant,AtLocation,africa
Charles's chair,AtLocation,living_room
William's tv,AtLocation,house
David's tv,AtLocation,livingroom
James's airplane,AtLocation,sky
Sarah's bird,AtLocation,birdbath
Jennifer's handbag,AtLocation,store
Sarah's cat,AtLocation,roof
Robert's cow,AtLocation,barnyard
David's cow,AtLocation,iowa
Karen's mouse,AtLocation,pantry
Mary's mouse,AtLocation,cupboard
Karen's couch,AtLocation,neighbor's_house
Joseph's book,AtLocation,store
Sarah's toothbrush,AtLocation,cabinet
Michael's cake,AtLocation,oven
Barbara's clock,AtLocation,train_station
William's dog,AtLocation,pound
Mary's cat,AtLocation,lap
John's sports_ball,AtLocation,gymnasium
Joseph's horse,AtLocation,grazing_field
Patricia's cat,AtLocation,appartments
Mary's dog,AtLocation,neighbor's_house
David's boat,AtLocation,water
John's keyboard,AtLocation,piano
Mary's cat,AtLocation,rug
Elizabeth's boat,AtLocation,water
James's laptop,AtLocation,internet_cafe
Thomas's bear,AtLocation,countryside
Richard's car,AtLocation,city
Joseph's sheep,AtLocation,fairgrounds
John's book,AtLocation,bed
Patricia's horse,AtLocation,picture_book_of_horses
Thomas's book,AtLocation,library
Michael's cow,AtLocation,milking_stall
James's elephant,AtLocation,zoo
Robert's sink,AtLocation,kitchen
Jennifer's dog,AtLocation,doghouse
Elizabeth's mouse,AtLocation,internet_cafe
Linda's horse,AtLocation,loosebox
David's fork,AtLocation,kitchen
Linda's car,AtLocation,car_show
Barbara's book,AtLocation,suitcase
Jennifer's knife,AtLocation,drawer
Patricia's bed,AtLocation,rest_area
Jessica's refrigerator,AtLocation,apartment
Jennifer's car,AtLocation,city
Michael's cat,AtLocation,bedroom
Barbara's boat,AtLocation,harbor
Sarah's tv,AtLocation,bedroom
Joseph's sports_ball,AtLocation,gym
David's airplane,AtLocation,sky
Elizabeth's dog,AtLocation,kennel
John's vase,AtLocation,table
Robert's bird,AtLocation,forest
Charles's car,AtLocation,neighbor's_house
James's cat,AtLocation,appartments
Mary's book,AtLocation,library_of_congress
Thomas's keyboard,AtLocation,area_of_computer
Michael's bed,AtLocation,house
John's person,AtLocation,bus_stop
Mary's refrigerator,AtLocation,food
David's chair,AtLocation,office
Jennifer's cat,AtLocation,town
David's pizza,AtLocation,oven
John's couch,AtLocation,den
Jessica's bicycle,AtLocation,street
John's bicycle,AtLocation,park
Mary's toilet,AtLocation,bathroom
Karen's dog,AtLocation,kennel
Karen's tv,AtLocation,arizona
Barbara's cat,AtLocation,table
James's mouse,AtLocation,computer_store
Linda's book,AtLocation,store
David's spoon,AtLocation,resturant
Karen's car,AtLocation,car_show
Linda's sink,AtLocation,kitchen
David's book,AtLocation,library
Robert's cow,AtLocation,indiana
Michael's cow,AtLocation,movie
Mary's sports_ball,AtLocation,sports_store
Richard's book,AtLocation,book_bag
Richard's person,AtLocation,conference
Linda's fork,AtLocation,back
Jessica's dog,AtLocation,park
Jessica's bus,AtLocation,garage
Thomas's bench,AtLocation,train_station
Charles's elephant,AtLocation,circus
Charles's toilet,AtLocation,bathroom
Joseph's refrigerator,AtLocation,garage
Michael's spoon,AtLocation,cutlery_draw
Robert's cat,AtLocation,way
Jennifer's elephant,AtLocation,zoo
Sarah's bird,AtLocation,roof
Jessica's fork,AtLocation,drawer
Barbara's book,AtLocation,closet
William's cat,AtLocation,outside
Robert's car,AtLocation,race_track
Patricia's clock,AtLocation,house
James's cat,AtLocation,cream
Linda's bird,AtLocation,sky
John's mouse,AtLocation,attic
Charles's car,AtLocation,car_show
Karen's fork,AtLocation,drawer
Barbara's book,AtLocation,bookshelf
Richard's toilet,AtLocation,rest_area
Michael's horse,AtLocation,race_track
James's cow,AtLocation,outdoors
Richard's book,AtLocation,classroom
David's horse,AtLocation,horse_box
Charles's refrigerator,AtLocation,apartment
John's knife,AtLocation,drawer
Barbara's dog,AtLocation,dog_house
Michael's frisbee,AtLocation,park
Charles's cat,AtLocation,vet
Jennifer's knife,AtLocation,back
Barbara's horse,AtLocation,stabile
Barbara's cat,AtLocation,lap
Thomas's person,AtLocation,street_corner
John's mouse,AtLocation,old_barn
Jessica's apple,AtLocation,apple_tree
Jennifer's tv,AtLocation,most_rooms
David's mouse,AtLocation,field
Patricia's mouse,AtLocation,grain_silo
Jennifer's chair,AtLocation,church
Patricia's horse,AtLocation,movies
David's umbrella,AtLocation,car
Elizabeth's fork,AtLocation,table
Robert's chair,AtLocation,corner
Thomas's dog,AtLocation,back_yard
Elizabeth's person,AtLocation,opera
Elizabeth's toilet,AtLocation,service_station
Thomas's traffic_light,AtLocation,corner_of_two_streets
Joseph's toilet,AtLocation,stadium
Thomas's clock,AtLocation,wall
Sarah's bus,AtLocation,artifact
Robert's bird,AtLocation,sky
William's cake,AtLocation,party
Michael's teddy_bear,AtLocation,home
John's cake,AtLocation,bakery
Patricia's boat,AtLocation,water
Jessica's boat,AtLocation,lake
Linda's apple,AtLocation,grocery_store
Sarah's mouse,AtLocation,desk
Joseph's cup,AtLocation,shelf
Jessica's mouse,AtLocation,office
Robert's horse,AtLocation,cartoon
Jennifer's couch,AtLocation,rest_area
Susan's toothbrush,AtLocation,mouth
Linda's bed,AtLocation,rest_area
Jessica's toilet,AtLocation,plumbing_shop
Barbara's handbag,AtLocation,store
Sarah's mouse,AtLocation,mousehouse
Joseph's bicycle,AtLocation,garage
Barbara's sink,AtLocation,neighbor's_house
Charles's bed,AtLocation,room
John's mouse,AtLocation,grain_bin
Jennifer's knife,AtLocation,backpack
Robert's book,AtLocation,shelf
Susan's stop_sign,AtLocation,fork_in_road
Sarah's mouse,AtLocation,hole_in_wall
Susan's dog,AtLocation,table
Sarah's elephant,AtLocation,africa
Karen's cow,AtLocation,swamp
William's vase,AtLocation,cabinet
Michael's car,AtLocation,parking_lot
Elizabeth's cat,AtLocation,warm_place
David's mouse,AtLocation,desk
David's mouse,AtLocation,new_york
Richard's bicycle,AtLocation,toy_store
Richard's clock,AtLocation,desk
William's vase,AtLocation,table
Robert's mouse,AtLocation,disneyland
Linda's cup,AtLocation,dishwasher
John's chair,AtLocation,porch
Linda's chair,AtLocation,auditorium
Richard's dog,AtLocation,porch
William's apple,AtLocation,grocery_store
Karen's chair,AtLocation,airport
Thomas's cat,AtLocation,lap
Mary's book,AtLocation,stack
John's car,AtLocation,scrapyard
John's bird,AtLocation,sea
Jennifer's boat,AtLocation,garage
Jessica's broccoli,AtLocation,plate
Jennifer's car,AtLocation,freeway
Jessica's couch,AtLocation,cash's_room
Mary's car,AtLocation,car_dealership
Thomas's horse,AtLocation,esquestrian_event
Susan's cake,AtLocation,party
Elizabeth's bottle,AtLocation,liquor_store
James's cat,AtLocation,windowsill
Karen's dog,AtLocation,pet_shop
Sarah's tv,AtLocation,arizona
Susan's mouse,AtLocation,disneyland
Linda's horse,AtLocation,cavalry
Michael's book,AtLocation,table
Linda's cat,AtLocation,heat
William's sandwich,AtLocation,fridge
William's bowl,AtLocation,cupboard
Sarah's cow,AtLocation,paddock
Sarah's dog,AtLocation,back_yard
Sarah's bicycle,AtLocation,street
Michael's bear,AtLocation,park
Michael's cow,AtLocation,countryside
Sarah's handbag,AtLocation,woman's_closet
Michael's tv,AtLocation,family_room
Charles's dining_table,AtLocation,cafeteria
Jessica's wine_glass,AtLocation,cupboard
Patricia's cup,AtLocation,shelf
Linda's bench,AtLocation,train_station
Thomas's bowl,AtLocation,apartment
Jennifer's cat,AtLocation,bed
Barbara's car,AtLocation,city
Sarah's horse,AtLocation,movies
Karen's bird,AtLocation,lawn
Barbara's book,AtLocation,hands_of_teacher
Robert's dog,AtLocation,dog_house
David's cat,AtLocation,windowsill
Thomas's elephant,AtLocation,circus
Jennifer's chair,AtLocation,office
William's dog,AtLocation,table
Karen's cat,AtLocation,zoo
Karen's kite,AtLocation,air
Jennifer's book,AtLocation,row
Robert's kite,AtLocation,store_at_beach
Jennifer's fire_hydrant,AtLocation,corner_of_two_streets
Mary's bed,AtLocation,room
Joseph's cup,AtLocation,table
Robert's car,AtLocation,race_track
Barbara's toilet,AtLocation,cubicle
Thomas's motorcycle,AtLocation,garage
Patricia's book,AtLocation,desk
James's umbrella,AtLocation,jacket_closet
Mary's car,AtLocation,city
Charles's bowl,AtLocation,cupboard
Charles's cat,AtLocation,dogs_mouth
Thomas's toothbrush,AtLocation,mouth
Barbara's dog,AtLocation,doghouse
Michael's airplane,AtLocation,sky
Joseph's fire_hydrant,AtLocation,street_corner
William's chair,AtLocation,church
Charles's frisbee,AtLocation,park
Elizabeth's bus,AtLocation,bus_stop
Mary's mouse,AtLocation,trap
Thomas's mouse,AtLocation,hole_in_wall
Linda's book,AtLocation,coffee_table
Karen's cat,AtLocation,beam_of_sunlight
John's vase,AtLocation,shelf
Richard's cow,AtLocation,green_field
Elizabeth's bench,AtLocation,garden
Richard's bicycle,AtLocation,lab
Linda's keyboard,AtLocation,landfill
Barbara's bottle,AtLocation,diaper_bag
Susan's cat,AtLocation,closet
Patricia's tv,AtLocation,sports_bar
Robert's boat,AtLocation,water
Susan's knife,AtLocation,sheath
David's truck,AtLocation,garage
John's bird,AtLocation,roof
Charles's car,AtLocation,parking_lot
Susan's cow,AtLocation,ranch
Jennifer's teddy_bear,AtLocation,toy_store
William's cup,AtLocation,shelf
Susan's refrigerator,AtLocation,garage
Sarah's toilet,AtLocation,motel_room
James's dog,AtLocation,kennel
David's mouse,AtLocation,abandoned_houses
Richard's cat,AtLocation,zoo
Richard's fire_hydrant,AtLocation,corner_of_two_streets
Robert's person,AtLocation,quandry
Joseph's fork,AtLocation,a
Robert's tv,AtLocation,appliance_store
Elizabeth's bus,AtLocation,bus_stop
Robert's spoon,AtLocation,bowl
Patricia's mouse,AtLocation,grass
Richard's cat,AtLocation,it's_basket
Thomas's dog,AtLocation,bed
Patricia's elephant,AtLocation,india
Elizabeth's cat,AtLocation,bed
Susan's bowl,AtLocation,cupboard
Jennifer's mouse,AtLocation,trap
Michael's chair,AtLocation,bedroom
James's car,AtLocation,repair_shop
Joseph's handbag,AtLocation,store
Patricia's bird,AtLocation,cage
Barbara's tv,AtLocation,house
Karen's knife,AtLocation,kitchen
Elizabeth's handbag,AtLocation,woman's_hand
David's bottle,AtLocation,grocery_store
Barbara's apple,AtLocation,apple_tree
Sarah's chair,AtLocation,synagogue
Jessica's bus,AtLocation,use
Patricia's boat,AtLocation,ocean
Patricia's cat,AtLocation,table
David's cat,AtLocation,windowsill
Thomas's bottle,AtLocation,supermarket
John's horse,AtLocation,canada
Charles's sink,AtLocation,kitchen_or_bathroom
James's chair,AtLocation,office
Jennifer's car,AtLocation,parking_lot
Robert's clock,AtLocation,shelf
David's mouse,AtLocation,garden
Sarah's clock,AtLocation,desk
Richard's elephant,AtLocation,circus
Joseph's oven,AtLocation,pizza_place
Joseph's bus,AtLocation,bus_station
Richard's cat,AtLocation,comfortable_chair
Thomas's car,AtLocation,street_corner
Linda's car,AtLocation,neighbor's_house
Susan's toothbrush,AtLocation,bathroom_cabinet
James's boat,AtLocation,lake
James's book,AtLocation,bookshelf
Barbara's bus,AtLocation,big_cities
William's elephant,AtLocation,africa
David's sink,AtLocation,kitchen
Karen's bench,AtLocation,bus_depot
James's couch,AtLocation,den
Joseph's cow,AtLocation,livestock_market
Thomas's frisbee,AtLocation,frisbee_golf_course
Karen's tv,AtLocation,livingroom
Charles's keyboard,AtLocation,desktop
Thomas's book,AtLocation,closet
Linda's mouse,AtLocation,hole
Jennifer's mouse,AtLocation,laboratory
Patricia's apple,AtLocation,house
Elizabeth's vase,AtLocation,shelf
Thomas's bird,AtLocation,branch_of_tree
Richard's apple,AtLocation,greengrocer
Elizabeth's chair,AtLocation,kitchen
Charles's chair,AtLocation,office
Susan's cat,AtLocation,bed
Karen's truck,AtLocation,road
Jennifer's cat,AtLocation,petshop
Sarah's dog,AtLocation,dogpound
Michael's suitcase,AtLocation,taxi
James's cat,AtLocation,way
Susan's cow,AtLocation,barn_field
Patricia's mouse,AtLocation,farm
Jessica's dog,AtLocation,couch
Karen's horse,AtLocation,movie
Karen's mouse,AtLocation,desk
Charles's stop_sign,AtLocation,corner_of_two_streets
Charles's airplane,AtLocation,sky
Michael's clock,AtLocation,train_station
Barbara's handbag,AtLocation,wal_mart
John's umbrella,AtLocation,wet_city
Mary's bed,AtLocation,apartment
Thomas's horse,AtLocation,grazing_field
Mary's knife,AtLocation,kitchen_drawer
Thomas's cow,AtLocation,county_fair
Thomas's sink,AtLocation,chemistry_lab
Charles's dog,AtLocation,relatives_house
Richard's hot_dog,AtLocation,fast_food_restaurant
William's fork,AtLocation,resturant
Susan's cell_phone,AtLocation,shelf
Joseph's book,AtLocation,satchel
Robert's mouse,AtLocation,computer_store
Karen's tv,AtLocation,apartment
Jennifer's cat,AtLocation,chinese_resturant
Mary's cow,AtLocation,field_on_farm
William's teddy_bear,AtLocation,toy_store
James's cat,AtLocation,laundry_basket
Barbara's cow,AtLocation,farmyard
Charles's horse,AtLocation,persons_heart
Thomas's tv,AtLocation,appliance_store
Linda's cow,AtLocation,farmer's_pasture
Jennifer's spoon,AtLocation,dinner
Jennifer's dog,AtLocation,house
Robert's keyboard,AtLocation,office
Sarah's clock,AtLocation,shelf
Sarah's car,AtLocation,freeway
Richard's person,AtLocation,garage
Mary's apple,AtLocation,fridge
Joseph's cat,AtLocation,alley
Jessica's umbrella,AtLocation,suitcase
Barbara's apple,AtLocation,apple_tree
Patricia's airplane,AtLocation,air
Susan's fork,AtLocation,kitchen_drawer
Charles's knife,AtLocation,kitchen_drawer
David's chair,AtLocation,office
Jessica's couch,AtLocation,neighbor's_house
David's knife,AtLocation,knife_holder
Charles's cat,AtLocation,windowsill
Michael's cake,AtLocation,bakery
Barbara's skis,AtLocation,garage
William's mouse,AtLocation,garage
Thomas's chair,AtLocation,confession
Jessica's banana,AtLocation,monkey's_hand
David's toilet,AtLocation,motel_room
Mary's fork,AtLocation,road
John's chair,AtLocation,office
Joseph's boat,AtLocation,water
Patricia's mouse,AtLocation,disneyland
Joseph's car,AtLocation,repair_shop
Charles's cat,AtLocation,appartments
Linda's apple,AtLocation,produce_section_of_supermarket
Mary's sandwich,AtLocation,lunchbox
Patricia's cat,AtLocation,cat_litter_tray
Thomas's cow,AtLocation,milking_barn
Sarah's chair,AtLocation,desk
Charles's horse,AtLocation,kentucky
Elizabeth's horse,AtLocation,stall
Michael's fork,AtLocation,housewares_store
Barbara's laptop,AtLocation,desk
Robert's cow,AtLocation,countryside
Sarah's bird,AtLocation,branch_of_tree
Sarah's cup,AtLocation,drink
Karen's bicycle,AtLocation,park
John's umbrella,AtLocation,closet
Barbara's cow,AtLocation,farmyard
Richard's bed,AtLocation,neighbor's_house
Susan's car,AtLocation,parking_lot
Michael's keyboard,AtLocation,school
Jennifer's bowl,AtLocation,table
Susan's bench,AtLocation,state_park
Charles's traffic_light,AtLocation,corner_of_two_streets
Linda's keyboard,AtLocation,music_store
Robert's book,AtLocation,desk
William's horse,AtLocation,throat
William's book,AtLocation,bookshelf
Richard's sheep,AtLocation,fair
Mary's cow,AtLocation,computer_commercial
Linda's cow,AtLocation,barnyard
Sarah's banana,AtLocation,stomach
Elizabeth's toilet,AtLocation,motel_room
William's cat,AtLocation,windowsill
Mary's bird,AtLocation,tree
David's toilet,AtLocation,house
John's bench,AtLocation,bus_stop
Barbara's oven,AtLocation,stove
Mary's horse,AtLocation,historical_photographs
David's book,AtLocation,classroom
Mary's bicycle,AtLocation,university
Robert's toothbrush,AtLocation,dentist
James's cow,AtLocation,slaughter_house
Elizabeth's kite,AtLocation,air
Thomas's knife,AtLocation,silverware_drawer
Richard's apple,AtLocation,apple_tree
David's cup,AtLocation,shelf
Sarah's horse,AtLocation,race_track
David's umbrella,AtLocation,backseat_of_car
Barbara's spoon,AtLocation,dishwasher
John's bed,AtLocation,loft
William's tv,AtLocation,appliance_store
Karen's dog,AtLocation,dog_house
Linda's mouse,AtLocation,garden
Linda's bottle,AtLocation,diaper_bag
Jennifer's couch,AtLocation,house
Linda's chair,AtLocation,friend's_house
Barbara's car,AtLocation,city
Jennifer's fork,AtLocation,cutlery_drawer
James's horse,AtLocation,equestrian_competition
Robert's cake,AtLocation,cake_tin
Jessica's bird,AtLocation,cage
Richard's apple,AtLocation,horses_mouth
Patricia's cat,AtLocation,barn
James's mouse,AtLocation,own_home
Mary's book,AtLocation,discount_store
Susan's keyboard,AtLocation,finger
Richard's cow,AtLocation,countryside
James's cup,AtLocation,water_fountain
James's spoon,AtLocation,glass_of_iced_tea
Joseph's pizza,AtLocation,oven
Joseph's horse,AtLocation,cavalry
Patricia's mouse,AtLocation,computer_lab
Charles's keyboard,AtLocation,piano
William's dog,AtLocation,outside
Michael's umbrella,AtLocation,car
Jennifer's bowl,AtLocation,dishwasher
Susan's cow,AtLocation,outside_in_pasture
Sarah's fork,AtLocation,table
Charles's fork,AtLocation,plate
David's car,AtLocation,packinglot
John's mouse,AtLocation,trap
Robert's boat,AtLocation,water
Charles's horse,AtLocation,central_park
Charles's bicycle,AtLocation,garage
Elizabeth's horse,AtLocation,esquestrian_event
Susan's chair,AtLocation,show
Karen's chair,AtLocation,building
Susan's person,AtLocation,family
Mary's sheep,AtLocation,farm
Linda's chair,AtLocation,building
William's horse,AtLocation,kentucky_derby
Mary's spoon,AtLocation,fork_in_road
Barbara's cup,AtLocation,closet
Patricia's knife,AtLocation,kitchen_drawer
Richard's fork,AtLocation,kitchen
David's handbag,AtLocation,womens_department
Jennifer's cat,AtLocation,house
James's chair,AtLocation,furniture_store
Joseph's dining_table,AtLocation,cafeteria
Joseph's dog,AtLocation,house
William's mouse,AtLocation,trap
Richard's oven,AtLocation,own_home
James's vase,AtLocation,windowsill
Sarah's cake,AtLocation,plate
Susan's mouse,AtLocation,own_home
David's vase,AtLocation,shelf
Michael's sink,AtLocation,kitchen
Patricia's cat,AtLocation,lap
Robert's cow,AtLocation,dairy_farm
Jennifer's skis,AtLocation,garage
Thomas's toothbrush,AtLocation,suitcase
Jessica's chair,AtLocation,floor
Karen's clock,AtLocation,house
Robert's mouse,AtLocation,grainery
Karen's scissors,AtLocation,desk
Robert's dog,AtLocation,dog_owner's_home
Michael's horse,AtLocation,historical_photographs
James's bowl,AtLocation,cupboard
Robert's horse,AtLocation,circus
Michael's cup,AtLocation,shelf
Linda's bird,AtLocation,wild
Elizabeth's bus,AtLocation,city
Jennifer's boat,AtLocation,water
Michael's mouse,AtLocation,grainery
Jessica's sports_ball,AtLocation,sports_arena
Thomas's cat,AtLocation,bed
Barbara's horse,AtLocation,western_movie
William's cake,AtLocation,grocery_store
Richard's car,AtLocation,repair_shop
James's knife,AtLocation,kitchen
Charles's chair,AtLocation,desk
Linda's mouse,AtLocation,attic
Michael's mouse,AtLocation,computer_store
Susan's horse,AtLocation,history
Thomas's clock,AtLocation,shelf
Karen's bench,AtLocation,train_station
Karen's mouse,AtLocation,hole
William's cow,AtLocation,computer_commercial
Linda's bicycle,AtLocation,toy_store
Michael's mouse,AtLocation,research_laboratory
Susan's car,AtLocation,city
Karen's cat,AtLocation,windowsill
Michael's mouse,AtLocation,terrarium
Charles's knife,AtLocation,knife_store
Michael's mouse,AtLocation,mousehouse
Michael's umbrella,AtLocation,car
Barbara's cow,AtLocation,slaughter_house
Richard's horse,AtLocation,country
Karen's person,AtLocation,theater
Richard's cow,AtLocation,butcher_shop
Thomas's person,AtLocation,space_shuttle
Susan's mouse,AtLocation,desktop
Richard's car,AtLocation,freeway
Patricia's bicycle,AtLocation,garage
Linda's chair,AtLocation,church
Charles's horse,AtLocation,history
David's teddy_bear,AtLocation,shelf
Robert's toothbrush,AtLocation,store
Jessica's bed,AtLocation,neighbor's_house
Barbara's person,AtLocation,opera
Richard's mouse,AtLocation,corn_field
Barbara's bench,AtLocation,bus_depot
Mary's keyboard,AtLocation,desk
Joseph's cow,AtLocation,bart_simpson's_lines
James's bus,AtLocation,artifact
James's sink,AtLocation,kitchen
John's horse,AtLocation,detroit
Michael's cat,AtLocation,floor
Sarah's couch,AtLocation,cash's_room
Barbara's cow,AtLocation,county_fair
William's cat,AtLocation,heat
John's cell_phone,AtLocation,shelf
Susan's horse,AtLocation,equestrian_competition
John's book,AtLocation,bookshelves
Michael's toilet,AtLocation,service_station
Thomas's dog,AtLocation,table
Joseph's toothbrush,AtLocation,cabinet
Elizabeth's cat,AtLocation,barn
Charles's cow,AtLocation,barnyard
Thomas's horse,AtLocation,fielf
Elizabeth's knife,AtLocation,plate
Robert's person,AtLocation,bus_stop
Michael's umbrella,AtLocation,umbrella_stand
David's spoon,AtLocation,childs_sand_box
Robert's car,AtLocation,highway
Charles's mouse,AtLocation,kitchen
Patricia's horse,AtLocation,cavalry
Mary's book,AtLocation,shelf
Linda's sink,AtLocation,laboratory
Michael's cup,AtLocation,dishwasher
Michael's chair,AtLocation,living_room
Robert's mouse,AtLocation,mousehouse
James's mouse,AtLocation,cornfield
William's knife,AtLocation,ex_husbands_back
David's bench,AtLocation,dugout
Mary's zebra,AtLocation,zoo
Patricia's book,AtLocation,classroom
Elizabeth's cake,AtLocation,plate
Karen's clock,AtLocation,shelf
Thomas's knife,AtLocation,drawer
John's chair,AtLocation,cubicle
Patricia's mouse,AtLocation,disneyland
Mary's bed,AtLocation,neighbor's_house
David's horse,AtLocation,farmyard
Michael's cup,AtLocation,table
Jennifer's car,AtLocation,land
Jennifer's cat,AtLocation,bed
Elizabeth's book,AtLocation,museum_store
Thomas's horse,AtLocation,parade
Jennifer's cup,AtLocation,cafe
Barbara's dining_table,AtLocation,house
Linda's chair,AtLocation,desk
David's horse,AtLocation,state_fair
Michael's mouse,AtLocation,sewer
William's book,AtLocation,bookshelf
Robert's clock,AtLocation,shelf
David's person,AtLocation,zoo
Michael's truck,AtLocation,freeway
Linda's dog,AtLocation,rug
Sarah's spoon,AtLocation,bowl
Barbara's cat,AtLocation,attic
Sarah's couch,AtLocation,den
Elizabeth's keyboard,AtLocation,office
David's umbrella,AtLocation,car
Karen's mouse,AtLocation,laboratory
Jennifer's mouse,AtLocation,laboratory
Patricia's car,AtLocation,show
Karen's book,AtLocation,bookshelf
James's tv,AtLocation,family_room
William's bench,AtLocation,train_station
Barbara's sink,AtLocation,house
Barbara's clock,AtLocation,office
Michael's car,AtLocation,city
Linda's fork,AtLocation,plate
Elizabeth's knife,AtLocation,pocket
Robert's bear,AtLocation,meadow
John's sports_ball,AtLocation,gym_locker
Thomas's sink,AtLocation,chemistry_lab
Mary's cat,AtLocation,cat_litter_tray
James's car,AtLocation,repair_shop
Susan's apple,AtLocation,apple_pie
Sarah's dog,AtLocation,rug
Sarah's truck,AtLocation,garage
Joseph's bed,AtLocation,house
Mary's chair,AtLocation,kitchen
Susan's stop_sign,AtLocation,street_corner
Susan's cup,AtLocation,counter
Karen's bird,AtLocation,wild
Michael's horse,AtLocation,stall
Linda's bench,AtLocation,train_station
Joseph's sports_ball,AtLocation,sport
Barbara's elephant,AtLocation,africa
Patricia's horse,AtLocation,field_or_stable_or_mcdonalds
Jennifer's mouse,AtLocation,dirty_house
William's toilet,AtLocation,stadium
Jessica's mouse,AtLocation,garage
Karen's clock,AtLocation,shelf
Robert's horse,AtLocation,cavalry
James's horse,AtLocation,persons_heart
David's clock,AtLocation,house
Susan's bed,AtLocation,hospital
Barbara's motorcycle,AtLocation,garage
Barbara's bowl,AtLocation,cupboard
David's toilet,AtLocation,restaurant
John's cow,AtLocation,borden_commercial
Barbara's scissors,AtLocation,desk
Mary's microwave,AtLocation,apartment
Joseph's book,AtLocation,backpack
Mary's sports_ball,AtLocation,department_store
Thomas's cow,AtLocation,idaho
Robert's cow,AtLocation,slaughter_house
Susan's car,AtLocation,parking_lot
Joseph's umbrella,AtLocation,wet_city
Jessica's boat,AtLocation,harbor
Jennifer's cake,AtLocation,bakery
Jennifer's car,AtLocation,motel
Joseph's clock,AtLocation,desk
John's clock,AtLocation,office
Elizabeth's tv,AtLocation,most_rooms
Elizabeth's cat,AtLocation,table
Sarah's mouse,AtLocation,desk
Elizabeth's book,AtLocation,university
John's toilet,AtLocation,hospital
Barbara's cat,AtLocation,chair
Elizabeth's bus,AtLocation,new_york
Mary's vase,AtLocation,table
Michael's cow,AtLocation,county_fair
Barbara's toothbrush,AtLocation,bathroom_cabinet
James's toilet,AtLocation,cubicle
Michael's fork,AtLocation,kitchen
Jennifer's mouse,AtLocation,grain_silo
Linda's cat,AtLocation,windowsill
Robert's bed,AtLocation,apartment
Jessica's boat,AtLocation,garage
Jessica's sink,AtLocation,kitchen
James's horse,AtLocation,spain
John's cow,AtLocation,idaho
Karen's cow,AtLocation,countryside
Karen's bicycle,AtLocation,garage
Charles's cow,AtLocation,belly
Susan's cat,AtLocation,windowsill
Jessica's bed,AtLocation,room
Richard's cow,AtLocation,canada
Elizabeth's horse,AtLocation,outside
Mary's spoon,AtLocation,table_setting
Patricia's bed,AtLocation,hospital
Robert's chair,AtLocation,room
Joseph's mouse,AtLocation,hole_in_wall
Elizabeth's airplane,AtLocation,hangar
Mary's car,AtLocation,city
Jessica's boat,AtLocation,ocean
Karen's person,AtLocation,synagogue
Karen's car,AtLocation,road
Barbara's mouse,AtLocation,lab_maze
Patricia's car,AtLocation,corner_of_two_streets
Elizabeth's boat,AtLocation,water
Michael's pizza,AtLocation,plate
Michael's pizza,AtLocation,plate
Joseph's umbrella,AtLocation,store
James's toothbrush,AtLocation,bedroom
Mary's cat,AtLocation,home
Patricia's book,AtLocation,college_store
Charles's book,AtLocation,desk
Jessica's boat,AtLocation,ocean
Susan's teddy_bear,AtLocation,toy_store
Patricia's bird,AtLocation,garden
Michael's horse,AtLocation,ocala_florida
Robert's scissors,AtLocation,desk
David's handbag,AtLocation,department_store
Barbara's horse,AtLocation,show
William's spoon,AtLocation,dinner
Linda's cat,AtLocation,cat_box
Michael's cow,AtLocation,cow_pasture
Thomas's keyboard,AtLocation,onstage_at_concert
Karen's chair,AtLocation,dentist
Richard's kite,AtLocation,toy_store
Richard's person,AtLocation,fairy_tale
Michael's mouse,AtLocation,new_york
Jennifer's book,AtLocation,store
Richard's cat,AtLocation,table
Elizabeth's keyboard,AtLocation,desk
Richard's bowl,AtLocation,cupboard
Mary's cup,AtLocation,sink
Michael's suitcase,AtLocation,luggage_store
Linda's horse,AtLocation,horse_racetrack
Robert's book,AtLocation,desk
Sarah's dog,AtLocation,dog_house
Michael's bottle,AtLocation,grocery_store
Elizabeth's chair,AtLocation,friend's_house
Elizabeth's book,AtLocation,bedroom
Sarah's cow,AtLocation,great_outdoors
Susan's refrigerator,AtLocation,home
William's cake,AtLocation,oven
Barbara's cake,AtLocation,quandry
James's car,AtLocation,car_park
Susan's bicycle,AtLocation,university
Robert's bear,AtLocation,park
Jessica's toothbrush,AtLocation,mouth
Linda's sink,AtLocation,house
Sarah's boat,AtLocation,lake
Barbara's mouse,AtLocation,desktop
Susan's horse,AtLocation,canada
David's bird,AtLocation,sea
Sarah's person,AtLocation,show
David's book,AtLocation,tourist_store
William's mouse,AtLocation,cellar
Michael's cat,AtLocation,cat_lover's_lap
Jennifer's knife,AtLocation,plate
Karen's dog,AtLocation,table
Karen's dog,AtLocation,park
Mary's cat,AtLocation,backyard
Susan's cup,AtLocation,table
Jennifer's refrigerator,AtLocation,house
Linda's sink,AtLocation,laundry_room
Karen's motorcycle,AtLocation,garage
Joseph's couch,AtLocation,party
Thomas's horse,AtLocation,stable_or_pasture
Jennifer's apple,AtLocation,fridge
Mary's kite,AtLocation,hobby_shop
Charles's book,AtLocation,house
Elizabeth's cow,AtLocation,stable
William's book,AtLocation,book_club
William's cat,AtLocation,floor
Linda's tv,AtLocation,appliance_store
Karen's bowl,AtLocation,cupboard
Susan's couch,AtLocation,doctor
Charles's bed,AtLocation,room
Jessica's cow,AtLocation,corral
Mary's fork,AtLocation,silverware_drawer
Jessica's fork,AtLocation,kitchen
Richard's bicycle,AtLocation,netherlands
Richard's clock,AtLocation,table
Richard's bowl,AtLocation,cupboard
Karen's toothbrush,AtLocation,grocery_store
Charles's bicycle,AtLocation,garage
Patricia's apple,AtLocation,grocery_store
William's cow,AtLocation,fiueld
David's cat,AtLocation,apartment
Susan's dog,AtLocation,table
Jessica's cat,AtLocation,vet
Mary's mouse,AtLocation,cat
Michael's person,AtLocation,theater
Patricia's car,AtLocation,race_track
Jessica's fork,AtLocation,drawer
Barbara's couch,AtLocation,loft
Sarah's spoon,AtLocation,hand
Sarah's mouse,AtLocation,old_barn
Linda's traffic_light,AtLocation,corner_of_two_streets
Jessica's spoon,AtLocation,fork_in_road
Charles's horse,AtLocation,circus
Linda's spoon,AtLocation,cutlery_draw
James's mouse,AtLocation,corn_field
Susan's mouse,AtLocation,cat's_mouth
Michael's cat,AtLocation,lower_brances_of_tree
James's cat,AtLocation,bed
Jennifer's tv,AtLocation,livingroom
William's bed,AtLocation,hotel_room
Robert's book,AtLocation,closet
Robert's couch,AtLocation,waiting_room
Richard's mouse,AtLocation,trap
Thomas's boat,AtLocation,river
David's bottle,AtLocation,medicine_cabinet
Charles's mouse,AtLocation,garage
Thomas's cat,AtLocation,bed
William's bird,AtLocation,bush
Robert's bottle,AtLocation,refigerator
Charles's knife,AtLocation,backpack
Richard's chair,AtLocation,living_room
Jessica's cow,AtLocation,paddock
Robert's clock,AtLocation,own_bedroom
Patricia's knife,AtLocation,drawer
Elizabeth's bench,AtLocation,lawn
Michael's sandwich,AtLocation,lunchbox
Karen's cup,AtLocation,table
Jessica's person,AtLocation,show
Joseph's boat,AtLocation,water
Jessica's horse,AtLocation,race_track
Jennifer's dog,AtLocation,front_door
Joseph's kite,AtLocation,toy_store
Susan's mouse,AtLocation,cornfield
Charles's motorcycle,AtLocation,garage
Robert's elephant,AtLocation,zoo
Jennifer's sink,AtLocation,laboratory
Jennifer's zebra,AtLocation,zoo
Linda's cow,AtLocation,hamburger_meat
Mary's chair,AtLocation,dentist
Jessica's bed,AtLocation,house
Robert's horse,AtLocation,central_park
James's cat,AtLocation,rug
Thomas's cow,AtLocation,countryside
Richard's book,AtLocation,catalog
Karen's apple,AtLocation,refrigerator
Elizabeth's bowl,AtLocation,refrigerator
Joseph's kite,AtLocation,park
Patricia's dog,AtLocation,dog_house
Sarah's bicycle,AtLocation,schoolyard
Jessica's tv,AtLocation,house
Karen's mouse,AtLocation,cat
Richard's bed,AtLocation,house
Richard's chair,AtLocation,church
Charles's spoon,AtLocation,soup
Elizabeth's pizza,AtLocation,oven
David's mouse,AtLocation,garage
John's horse,AtLocation,circus
David's bird,AtLocation,birdbath
David's chair,AtLocation,corner
Susan's book,AtLocation,bedroom
Michael's cat,AtLocation,bed
Jennifer's couch,AtLocation,loft
Robert's mouse,AtLocation,lab_maze
Linda's apple,AtLocation,apple_tree
Thomas's traffic_light,AtLocation,corner_of_two_streets
Jessica's couch,AtLocation,apartment
Thomas's cup,AtLocation,table
William's bench,AtLocation,bus_stop
David's sports_ball,AtLocation,gym_locker
Sarah's cat,AtLocation,lap
Thomas's couch,AtLocation,house
James's dog,AtLocation,doghouse
Mary's chair,AtLocation,porch
Elizabeth's bus,AtLocation,bus_station
William's dog,AtLocation,park
Robert's cat,AtLocation,lap
William's dog,AtLocation,couch
Mary's suitcase,AtLocation,movie
Karen's motorcycle,AtLocation,garage
Robert's cat,AtLocation,bag
Karen's horse,AtLocation,horse_box
Charles's bird,AtLocation,cage
Barbara's airplane,AtLocation,sky
Sarah's scissors,AtLocation,drawer
Jessica's horse,AtLocation,country
Patricia's mouse,AtLocation,cupboard
John's cell_phone,AtLocation,backpack
Mary's potted_plant,AtLocation,shelf
Susan's car,AtLocation,road
Joseph's mouse,AtLocation,desk
David's tv,AtLocation,house
Susan's mouse,AtLocation,trap
John's cat,AtLocation,hiding
Susan's dog,AtLocation,relatives_house
David's cow,AtLocation,field_on_farm
Linda's oven,AtLocation,prison
Jessica's dog,AtLocation,neighbor's_house
Jessica's cat,AtLocation,heat
Jennifer's spoon,AtLocation,dinner
John's chair,AtLocation,office
Patricia's bird,AtLocation,forest
Joseph's cat,AtLocation,dmoz
Richard's cat,AtLocation,lap
Mary's cow,AtLocation,ranch
Mary's frisbee,AtLocation,park
Patricia's bed,AtLocation,hotel_room
Charles's apple,AtLocation,refrigerator
Richard's mouse,AtLocation,grain
Karen's bus,AtLocation,garage
Susan's boat,AtLocation,ocean
Barbara's teddy_bear,AtLocation,toy_store
Jessica's bed,AtLocation,neighbor's_house
James's boat,AtLocation,water
Michael's scissors,AtLocation,desk
Patricia's stop_sign,AtLocation,fork_in_road
Elizabeth's cat,AtLocation,floor
Joseph's mouse,AtLocation,cornfield
Karen's car,AtLocation,car_show
Karen's handbag,AtLocation,woman's_closet
Joseph's bowl,AtLocation,restaurant
Robert's book,AtLocation,bedroom
Mary's toilet,AtLocation,stadium
Jennifer's bicycle,AtLocation,toy_store
Michael's knife,AtLocation,pocket
Jennifer's toilet,AtLocation,restaurant
Thomas's cup,AtLocation,shelf
Jessica's sports_ball,AtLocation,sporting_event
Charles's dog,AtLocation,bed
James's boat,AtLocation,harbor
Susan's mouse,AtLocation,hole_in_wall
Patricia's horse,AtLocation,riding_stable
Susan's hot_dog,AtLocation,fair
Susan's cat,AtLocation,warm_place
Elizabeth's couch,AtLocation,livingroom
Barbara's chair,AtLocation,lobby
Robert's mouse,AtLocation,hole
Charles's cow,AtLocation,hamburger
Richard's bench,AtLocation,train_station
Mary's horse,AtLocation,a
Susan's horse,AtLocation,cavalry
John's bird,AtLocation,nest
Michael's boat,AtLocation,water
David's mouse,AtLocation,garden
Jessica's kite,AtLocation,sky
Jessica's bench,AtLocation,bus_stop
James's book,AtLocation,library_of_congress
John's spoon,AtLocation,bowl
Richard's clock,AtLocation,wall
Richard's mouse,AtLocation,kitchen
Linda's mouse,AtLocation,grain_field
Michael's cat,AtLocation,alleyway
Richard's umbrella,AtLocation,car
Jessica's fork,AtLocation,drawer
Linda's apple,AtLocation,apple_tree
John's umbrella,AtLocation,closet
William's chair,AtLocation,desk
James's horse,AtLocation,parade
Elizabeth's umbrella,AtLocation,closet
Mary's horse,AtLocation,throat
Robert's mouse,AtLocation,laboratory
John's mouse,AtLocation,grain_bin
John's dog,AtLocation,table
Robert's chair,AtLocation,porch
David's clock,AtLocation,own_bedroom
Thomas's cat,AtLocation,bed
Jessica's car,AtLocation,race_track
John's bird,AtLocation,air
Sarah's bowl,AtLocation,cabinet
Joseph's bird,AtLocation,air
Thomas's mouse,AtLocation,box
Linda's clock,AtLocation,office_building
Jennifer's sink,AtLocation,home
Elizabeth's cake,AtLocation,birthday_party
Jennifer's airplane,AtLocation,sky
Linda's book,AtLocation,synagogue
Mary's bird,AtLocation,cage
James's mouse,AtLocation,trap
Jennifer's cat,AtLocation,home
Michael's person,AtLocation,fairy_tale
Jessica's teddy_bear,AtLocation,shelf
James's cow,AtLocation,milking_stall
Karen's keyboard,AtLocation,music_store
John's car,AtLocation,road
Sarah's book,AtLocation,university
Robert's sports_ball,AtLocation,school
John's bench,AtLocation,rest_area
Patricia's apple,AtLocation,apple_tree
Susan's cow,AtLocation,borden_commercial
Michael's book,AtLocation,classroom
Charles's bench,AtLocation,state_park
Charles's book,AtLocation,tourist_store
Karen's car,AtLocation,show
John's horse,AtLocation,gate
Charles's bowl,AtLocation,cupboard
Elizabeth's car,AtLocation,parking_lot
Jennifer's clock,AtLocation,desk
Jennifer's vase,AtLocation,table
James's car,AtLocation,car_dealership
Barbara's car,AtLocation,parking_lot
David's bowl,AtLocation,sink
Jessica's horse,AtLocation,racetrack
Joseph's cow,AtLocation,hamburger
William's book,AtLocation,floor
Jennifer's knife,AtLocation,pocket
Jessica's cow,AtLocation,fenced_in_area
Charles's teddy_bear,AtLocation,home
William's car,AtLocation,motel
Charles's tv,AtLocation,arizona
Patricia's airplane,AtLocation,sky
James's person,AtLocation,bus_stop
Jessica's motorcycle,AtLocation,garage
Jessica's sheep,AtLocation,fairgrounds
William's car,AtLocation,city
Michael's cat,AtLocation,lap
Robert's person,AtLocation,phine_directory
James's mouse,AtLocation,cellar
Sarah's cow,AtLocation,great_outdoors
Karen's fork,AtLocation,kitchen_drawer
Jennifer's pizza,AtLocation,oven
Jessica's mouse,AtLocation,dirty_house
Jessica's mouse,AtLocation,laboratory
John's cat,AtLocation,zoo
Charles's couch,AtLocation,party
Richard's cow,AtLocation,stable
Patricia's cat,AtLocation,vet
Richard's cat,AtLocation,beam_of_sunlight
Linda's dog,AtLocation,ground
Susan's cat,AtLocation,roof
William's train,AtLocation,zoo
David's mouse,AtLocation,new_york
David's clock,AtLocation,car
Joseph's clock,AtLocation,desk
Karen's chair,AtLocation,floor
Thomas's chair,AtLocation,cubicle
Richard's mouse,AtLocation,garage
Michael's mouse,AtLocation,office
David's clock,AtLocation,airport
Sarah's fire_hydrant,AtLocation,street_corner
Robert's dog,AtLocation,leash
Jessica's keyboard,AtLocation,desk
Elizabeth's cat,AtLocation,bag
Jessica's cat,AtLocation,lap
John's apple,AtLocation,apple_tree
Charles's cow,AtLocation,countryside
John's mouse,AtLocation,cupboard
Thomas's bus,AtLocation,bus_stop
Michael's cup,AtLocation,dishwasher
Richard's book,AtLocation,house
Sarah's frisbee,AtLocation,park
Barbara's car,AtLocation,parking_garage
Mary's chair,AtLocation,desk
Patricia's cake,AtLocation,oven
William's sink,AtLocation,house
Joseph's toothbrush,AtLocation,bedroom
Michael's book,AtLocation,briefcase
Charles's bicycle,AtLocation,street
Karen's cow,AtLocation,countryside
John's horse,AtLocation,a
Richard's scissors,AtLocation,cabinet
Mary's toilet,AtLocation,plumbing_shop
Barbara's motorcycle,AtLocation,garage
Elizabeth's oven,AtLocation,home
Mary's airplane,AtLocation,sky
Karen's elephant,AtLocation,circus
Charles's scissors,AtLocation,cabinet
Sarah's car,AtLocation,repair_shop
William's dog,AtLocation,dog_house
Sarah's couch,AtLocation,house
Sarah's dog,AtLocation,porch
Patricia's mouse,AtLocation,tom_and_jerry_cartoon
Mary's cat,AtLocation,residence
Linda's mouse,AtLocation,computer_store
David's clock,AtLocation,department_store
James's tv,AtLocation,house
Mary's mouse,AtLocation,cat
Joseph's mouse,AtLocation,attic
Joseph's sink,AtLocation,apartment
Linda's teddy_bear,AtLocation,bed
Thomas's airplane,AtLocation,air
Patricia's horse,AtLocation,stall
William's cake,AtLocation,party
Mary's stop_sign,AtLocation,corner_of_two_streets
Barbara's dog,AtLocation,kennel
Elizabeth's spoon,AtLocation,kitchen_drawer
Elizabeth's cat,AtLocation,alley
Patricia's fork,AtLocation,silverware_drawer
Charles's chair,AtLocation,office
Barbara's spoon,AtLocation,resturant
Jessica's bus,AtLocation,seats
Michael's umbrella,AtLocation,charlie_chaplin_film
David's car,AtLocation,car_park
Karen's toilet,AtLocation,house
John's dog,AtLocation,kennel
Thomas's stop_sign,AtLocation,bus_stop
William's chair,AtLocation,furniture_store
Jessica's toothbrush,AtLocation,dentist_office
Richard's vase,AtLocation,table
Thomas's bus,AtLocation,seats
John's cat,AtLocation,chair
John's bird,AtLocation,roof
James's handbag,AtLocation,shop
Susan's horse,AtLocation,farmyard
James's fork,AtLocation,housewares_store
Sarah's airplane,AtLocation,hanger
Sarah's cat,AtLocation,home
Jennifer's book,AtLocation,bookcase
Sarah's mouse,AtLocation,hole
Richard's fork,AtLocation,plate
Robert's book,AtLocation,pile_of_books
Jessica's cat,AtLocation,way
Thomas's dog,AtLocation,porch
Jessica's cat,AtLocation,home
Jessica's mouse,AtLocation,old_barn
Barbara's bed,AtLocation,house
William's cat,AtLocation,floor
Patricia's cat,AtLocation,nature
Jennifer's boat,AtLocation,river
Joseph's mouse,AtLocation,hole
Sarah's spoon,AtLocation,silverware_drawer
Charles's mouse,AtLocation,new_york
William's mouse,AtLocation,own_home
Elizabeth's bird,AtLocation,birdbath
Susan's vase,AtLocation,windowsill
Susan's person,AtLocation,desk
John's bus,AtLocation,bus_stop
Jennifer's dog,AtLocation,park
Patricia's bench,AtLocation,garden
Susan's potted_plant,AtLocation,table
James's truck,AtLocation,road
Joseph's pizza,AtLocation,restaurant
Karen's umbrella,AtLocation,store
David's bus,AtLocation,bus_station
Susan's fork,AtLocation,untensil_drawer
William's bicycle,AtLocation,shed
Elizabeth's kite,AtLocation,child's_hand
David's knife,AtLocation,fishing_boat
David's teddy_bear,AtLocation,toy_store
Sarah's bench,AtLocation,bus_depot
Sarah's chair,AtLocation,office
William's horse,AtLocation,american_southwest
Barbara's kite,AtLocation,air
Patricia's couch,AtLocation,apartment
Robert's boat,AtLocation,river
Joseph's book,AtLocation,discount_store
Barbara's cat,AtLocation,laundry_basket
Joseph's cow,AtLocation,stable
John's sports_ball,AtLocation,school
Thomas's mouse,AtLocation,disneyland
Patricia's car,AtLocation,freeway
Joseph's zebra,AtLocation,zoo
Robert's dog,AtLocation,pound
Richard's bicycle,AtLocation,street
Susan's car,AtLocation,freeway
Patricia's dog,AtLocation,park
Jennifer's cup,AtLocation,kitchen
Barbara's mouse,AtLocation,attic
Elizabeth's cow,AtLocation,meat_grinder
Robert's mouse,AtLocation,trap
Robert's knife,AtLocation,ex_husbands_back
Mary's bicycle,AtLocation,garage
Michael's cat,AtLocation,heat
Susan's mouse,AtLocation,garage
Thomas's horse,AtLocation,movie
Thomas's bicycle,AtLocation,street
Sarah's boat,AtLocation,water
Jessica's bird,AtLocation,roof
Sarah's toilet,AtLocation,hospital
David's book,AtLocation,backpack
Jennifer's chair,AtLocation,office
Jennifer's cat,AtLocation,cat_box
Patricia's cow,AtLocation,county_fair
Sarah's keyboard,AtLocation,finger
John's boat,AtLocation,lake
Susan's boat,AtLocation,harbor
Thomas's horse,AtLocation,race_track
Jennifer's cow,AtLocation,dairy_farm
Joseph's oven,AtLocation,stove
Susan's spoon,AtLocation,bed
Jennifer's banana,AtLocation,stomach
Patricia's knife,AtLocation,kitchen
Patricia's cat,AtLocation,bed
Barbara's keyboard,AtLocation,desk
Barbara's cat,AtLocation,outside
Karen's spoon,AtLocation,dinner
James's mouse,AtLocation,office
Susan's chair,AtLocation,school_room
William's airplane,AtLocation,airplane_hangar
Elizabeth's airplane,AtLocation,sky
David's book,AtLocation,book_store
Joseph's person,AtLocation,water_cooler
John's person,AtLocation,space_shuttle
Susan's cat,AtLocation,bag
Thomas's book,AtLocation,hands_of_teacher
Richard's mouse,AtLocation,grain
William's spoon,AtLocation,bowl
David's dog,AtLocation,house
David's mouse,AtLocation,pantry
Patricia's horse,AtLocation,country
Karen's bear,AtLocation,meadow
Michael's horse,AtLocation,movies
Joseph's refrigerator,AtLocation,hospital_drug_storeroom
Linda's person,AtLocation,demonstration
Mary's tv,AtLocation,neighbor's_house
Michael's sports_ball,AtLocation,sports_arena
Barbara's cat,AtLocation,lap
Barbara's cat,AtLocation,way
Barbara's tv,AtLocation,house
Richard's clock,AtLocation,office
Sarah's cat,AtLocation,home
David's sports_ball,AtLocation,sporting_good_store
Linda's kite,AtLocation,air
James's apple,AtLocation,house
Joseph's giraffe,AtLocation,zoo
Robert's suitcase,AtLocation,baggage_compartment
William's horse,AtLocation,new_hampshire
Sarah's scissors,AtLocation,house
Sarah's cow,AtLocation,ranch
David's scissors,AtLocation,drawer
William's boat,AtLocation,lake
Susan's mouse,AtLocation,cupboard
Robert's bus,AtLocation,computer
Sarah's bed,AtLocation,room
William's clock,AtLocation,department_store
Robert's mouse,AtLocation,sewer
David's dog,AtLocation,kennel
Thomas's horse,AtLocation,race_track
David's horse,AtLocation,equestrian_competition
Susan's cake,AtLocation,party
Jennifer's cat,AtLocation,closet
Karen's knife,AtLocation,knife_holder
Sarah's chair,AtLocation,living_room
James's banana,AtLocation,pantry
Charles's cake,AtLocation,oven
John's sandwich,AtLocation,fridge
Richard's chair,AtLocation,furniture_store
Elizabeth's sports_ball,AtLocation,sports_shop
Karen's chair,AtLocation,show
Barbara's bowl,AtLocation,cupboard
Barbara's mouse,AtLocation,sewer
David's mouse,AtLocation,cat's_mouth
Joseph's toothbrush,AtLocation,drug_store
Linda's horse,AtLocation,detroit
Karen's mouse,AtLocation,new_york
William's traffic_light,AtLocation,corner_of_two_streets
Sarah's fork,AtLocation,plate
David's knife,AtLocation,table
Karen's teddy_bear,AtLocation,toy_store
Susan's car,AtLocation,road
Thomas's car,AtLocation,parking_garage
David's boat,AtLocation,water
Mary's mouse,AtLocation,desktop
Elizabeth's mouse,AtLocation,desktop
Karen's mouse,AtLocation,attic
Sarah's chair,AtLocation,church
John's cake,AtLocation,bakery
Joseph's mouse,AtLocation,abandoned_houses
Jennifer's bus,AtLocation,city
Jennifer's bus,AtLocation,city
William's fork,AtLocation,back
Michael's car,AtLocation,in_phoenix
James's dog,AtLocation,kennel
Richard's book,AtLocation,table
Susan's cow,AtLocation,pasture_grazing
Susan's handbag,AtLocation,woman's_hand
Linda's dog,AtLocation,doghouse
William's cow,AtLocation,belly
Karen's mouse,AtLocation,grain_bin
Michael's book,AtLocation,drawer
David's book,AtLocation,university
Barbara's toothbrush,AtLocation,dentist
Karen's bottle,AtLocation,supermarket
Karen's horse,AtLocation,koppel
Robert's mouse,AtLocation,dirty_house
Jessica's bottle,AtLocation,drink
Susan's horse,AtLocation,western_movie
Michael's spoon,AtLocation,table
John's fork,AtLocation,plane
Barbara's cow,AtLocation,middle_of_eating_grass
William's cow,AtLocation,iowa
Karen's kite,AtLocation,downstairs_closet
Jessica's cat,AtLocation,arms
James's scissors,AtLocation,house
Linda's chair,AtLocation,desk
Susan's mouse,AtLocation,sewer
Linda's book,AtLocation,university
Patricia's airplane,AtLocation,military_base
Robert's book,AtLocation,catalog
Susan's cup,AtLocation,table
Linda's bottle,AtLocation,fridge
Joseph's bus,AtLocation,city
Barbara's horse,AtLocation,race_track
Jennifer's cow,AtLocation,cowbarn
Patricia's cow,AtLocation,hamburger_meat
Sarah's cake,AtLocation,party
Sarah's dining_table,AtLocation,formal_dining_room
Michael's mouse,AtLocation,attic
Linda's cat,AtLocation,barn
William's bed,AtLocation,neighbor's_house
Thomas's horse,AtLocation,horse_racetrack
Barbara's book,AtLocation,hands_of_student
Joseph's cat,AtLocation,cat_litter_tray
John's hot_dog,AtLocation,fair
Charles's cat,AtLocation,rug
Karen's car,AtLocation,car_dealership
Jessica's mouse,AtLocation,garage
Linda's chair,AtLocation,room
Thomas's potted_plant,AtLocation,windowsill
Richard's elephant,AtLocation,circus
James's vase,AtLocation,shelf
James's couch,AtLocation,house
Sarah's cat,AtLocation,windowsill
Susan's tv,AtLocation,family_room
Michael's toothbrush,AtLocation,dentist_office
Susan's fork,AtLocation,road
James's mouse,AtLocation,field
Jennifer's cat,AtLocation,outside
Richard's apple,AtLocation,grocery_store
Mary's bus,AtLocation,street
Linda's bottle,AtLocation,store
Patricia's cat,AtLocation,chair
Michael's book,AtLocation,shelf
William's clock,AtLocation,office
Linda's car,AtLocation,corner_of_two_streets
Sarah's cat,AtLocation,back_yard
Thomas's bicycle,AtLocation,garage
Thomas's cat,AtLocation,chair
Jessica's cat,AtLocation,cat_box
Linda's cat,AtLocation,beam_of_sunlight
Sarah's fork,AtLocation,plate
Patricia's cake,AtLocation,quandry
Karen's couch,AtLocation,house
Thomas's mouse,AtLocation,country_side
Jennifer's couch,AtLocation,house
Richard's mouse,AtLocation,cupboard
Linda's mouse,AtLocation,cat's_mouth
Jessica's clock,AtLocation,car
Jessica's sheep,AtLocation,meadow
Barbara's horse,AtLocation,riding_stable
David's cow,AtLocation,hamburger
Patricia's pizza,AtLocation,plate
Jessica's mouse,AtLocation,cat
Jessica's dog,AtLocation,table
Barbara's refrigerator,AtLocation,home
Thomas's vase,AtLocation,table
Charles's bird,AtLocation,nest
Sarah's bus,AtLocation,bus_stop
Patricia's knife,AtLocation,kitchen
Jennifer's bottle,AtLocation,grocery_store
William's cake,AtLocation,bakery
Michael's apple,AtLocation,grocery_store
Joseph's umbrella,AtLocation,charlie_chaplin_film
Elizabeth's mouse,AtLocation,hole_in_wall
David's knife,AtLocation,kitchen_drawer
Michael's keyboard,AtLocation,onstage_at_concert
Richard's mouse,AtLocation,hole_in_wall
Susan's bicycle,AtLocation,garage
Jennifer's apple,AtLocation,apple_tree
Mary's bowl,AtLocation,restaurant
Jessica's kite,AtLocation,store_at_beach
Karen's mouse,AtLocation,disneyland
Robert's chair,AtLocation,cubicle
David's chair,AtLocation,auditorium
Jennifer's elephant,AtLocation,zoo
James's cat,AtLocation,lap
John's boat,AtLocation,water
William's bus,AtLocation,bus_station
Barbara's toilet,AtLocation,space_shuttle
Karen's horse,AtLocation,cavalry
Linda's horse,AtLocation,fielf
John's horse,AtLocation,parade
John's cat,AtLocation,attic
Thomas's person,AtLocation,hospital
Joseph's frisbee,AtLocation,toy_chest
Patricia's mouse,AtLocation,research_laboratory
John's cup,AtLocation,table
Karen's horse,AtLocation,trailer
Robert's couch,AtLocation,room
Jennifer's chair,AtLocation,office
Jennifer's chair,AtLocation,living_room
Karen's horse,AtLocation,canada
Susan's bus,AtLocation,michigan
Charles's cow,AtLocation,herd
Karen's car,AtLocation,repair_shop
Robert's tv,AtLocation,bedroom
David's toilet,AtLocation,house
Barbara's mouse,AtLocation,computer_lab
Elizabeth's book,AtLocation,university
James's mouse,AtLocation,cellar
Richard's toilet,AtLocation,bathroom
Susan's bird,AtLocation,lawn
Charles's cat,AtLocation,sunbeam
Richard's bench,AtLocation,state_park
Robert's cow,AtLocation,movie
Karen's tv,AtLocation,neighbor's_house
Susan's mouse,AtLocation,small_hole
Susan's airplane,AtLocation,air
Joseph's handbag,AtLocation,wal_mart
Karen's horse,AtLocation,gate
David's cup,AtLocation,dishwasher
Robert's book,AtLocation,antique_store
Patricia's suitcase,AtLocation,baggage_compartment
Joseph's umbrella,AtLocation,closet
James's person,AtLocation,universe
David's tv,AtLocation,appliance_store
John's sports_ball,AtLocation,michaels_hand
Thomas's spoon,AtLocation,bowl_of_soup
Jennifer's cat,AtLocation,lap
Patricia's dog,AtLocation,kennel
Jennifer's dog,AtLocation,porch
Jennifer's dog,AtLocation,bed
Sarah's mouse,AtLocation,own_home
Richard's airplane,AtLocation,sky
Susan's chair,AtLocation,cubicle
James's cow,AtLocation,red_barn
John's cat,AtLocation,floor
John's spoon,AtLocation,cutlery_drawer
Jessica's zebra,AtLocation,zoo
Charles's tv,AtLocation,sports_bar
Jessica's mouse,AtLocation,small_hole
Sarah's horse,AtLocation,engraving
Patricia's cat,AtLocation,warm_place
Patricia's bed,AtLocation,homewares_department
Thomas's keyboard,AtLocation,office
Joseph's mouse,AtLocation,grain
Karen's giraffe,AtLocation,zoo
Richard's clock,AtLocation,own_bedroom
Elizabeth's mouse,AtLocation,own_home
Jennifer's book,AtLocation,desk
Sarah's book,AtLocation,museum_store
James's bowl,AtLocation,dishwasher
Thomas's mouse,AtLocation,pantry
David's cat,AtLocation,apartment
Linda's cow,AtLocation,swamp
Susan's spoon,AtLocation,glass_of_iced_tea
Michael's cow,AtLocation,hamburger
Jessica's cat,AtLocation,residence
John's book,AtLocation,classroom
Susan's cat,AtLocation,back_yard
Charles's cup,AtLocation,closet
Mary's dog,AtLocation,park
Michael's couch,AtLocation,canada
Susan's keyboard,AtLocation,desk
Thomas's bird,AtLocation,forest
Jessica's bus,AtLocation,bus_stop
Sarah's mouse,AtLocation,grain
Thomas's cat,AtLocation,bed
Elizabeth's mouse,AtLocation,grain_bin
Jennifer's mouse,AtLocation,own_home
Sarah's horse,AtLocation,field_romping
Barbara's knife,AtLocation,kitchen
Joseph's mouse,AtLocation,dirty_house
Mary's vase,AtLocation,table
Elizabeth's mouse,AtLocation,research_laboratory
Elizabeth's couch,AtLocation,waiting_room
Sarah's chair,AtLocation,lobby
James's bowl,AtLocation,cupboard
Barbara's dining_table,AtLocation,house
Michael's horse,AtLocation,race_track
Thomas's toothbrush,AtLocation,mouth
John's motorcycle,AtLocation,garage
Jennifer's horse,AtLocation,ocala_florida
Joseph's bus,AtLocation,bus_station
Joseph's mouse,AtLocation,trap
Mary's bus,AtLocation,computer
Linda's toothbrush,AtLocation,suitcase
Patricia's bird,AtLocation,roof
Susan's knife,AtLocation,kitchen
Jessica's book,AtLocation,suitcase
James's tv,AtLocation,neighbor's_house
Thomas's keyboard,AtLocation,desk
Joseph's kite,AtLocation,sky
Charles's toilet,AtLocation,bathroom
John's oven,AtLocation,pizza_store
Jennifer's book,AtLocation,classroom
Mary's chair,AtLocation,rest_area
John's cup,AtLocation,sand_box
Jessica's mouse,AtLocation,department_store
David's horse,AtLocation,cavalry
Barbara's dog,AtLocation,doghouse
Mary's suitcase,AtLocation,airplane
Patricia's person,AtLocation,water_cooler
Richard's cake,AtLocation,bakery
Sarah's mouse,AtLocation,terrarium
Thomas's horse,AtLocation,koppel
David's bicycle,AtLocation,netherlands
Richard's boat,AtLocation,ocean
Barbara's cup,AtLocation,kitchen
Richard's bird,AtLocation,sea
Joseph's suitcase,AtLocation,luggage_store
Joseph's chair,AtLocation,cubicle
Thomas's tv,AtLocation,neighbor's_house
Richard's tv,AtLocation,house
Joseph's cat,AtLocation,dmoz
Richard's knife,AtLocation,table
Joseph's car,AtLocation,freeway
Karen's sink,AtLocation,kitchen
Patricia's knife,AtLocation,kitchen
William's book,AtLocation,bookshelves
Michael's bus,AtLocation,new_york
Michael's fork,AtLocation,table
John's mouse,AtLocation,department_store
Barbara's bird,AtLocation,countryside
Karen's sheep,AtLocation,farm
James's spoon,AtLocation,serving_dish
Jessica's spoon,AtLocation,childs_sand_box
Robert's keyboard,AtLocation,desk
Barbara's car,AtLocation,driveway
Patricia's book,AtLocation,bookshop
Karen's chair,AtLocation,kitchen
Mary's horse,AtLocation,country
Barbara's chair,AtLocation,neighbor's_house
Sarah's book,AtLocation,bibliography_of_another_book
Thomas's mouse,AtLocation,research_laboratory
Barbara's person,AtLocation,building
David's bed,AtLocation,basement
Susan's bicycle,AtLocation,triatholon
Thomas's cat,AtLocation,bedroom
Jennifer's book,AtLocation,classroom
Joseph's cat,AtLocation,bag
Sarah's cat,AtLocation,floor
William's airplane,AtLocation,sky
Robert's horse,AtLocation,stable_or_pasture
Susan's cow,AtLocation,milking_barn
Linda's pizza,AtLocation,oven
Barbara's apple,AtLocation,horses_mouth
Jessica's cat,AtLocation,appartments
Robert's cow,AtLocation,stable
Susan's apple,AtLocation,greengrocer
Patricia's pizza,AtLocation,plate
Jennifer's mouse,AtLocation,hole_in_wall
David's cat,AtLocation,windowsill
Elizabeth's keyboard,AtLocation,landfill
Michael's car,AtLocation,scrap_heap
Susan's horse,AtLocation,race_track
Elizabeth's train,AtLocation,zoo
Mary's handbag,AtLocation,womens_department
James's knife,AtLocation,kitchen
James's bicycle,AtLocation,triatholon
Richard's oven,AtLocation,own_home
Jennifer's dog,AtLocation,house
Sarah's knife,AtLocation,stabbing_victim
Michael's keyboard,AtLocation,area_of_computer
Mary's cat,AtLocation,barn
Patricia's bird,AtLocation,forest
Karen's bird,AtLocation,roof
Thomas's cat,AtLocation,apartment
David's mouse,AtLocation,kitchen
Jessica's car,AtLocation,scrap_heap
Thomas's horse,AtLocation,race_track
Joseph's cat,AtLocation,ground
Thomas's couch,AtLocation,doctor
Barbara's kite,AtLocation,downstairs_closet
Karen's mouse,AtLocation,desk
Mary's person,AtLocation,quandry
Patricia's bicycle,AtLocation,street
David's cat,AtLocation,sofa
Barbara's toilet,AtLocation,bathroom
