Joseph's knife,AtLocation,grazing_field
Joseph's bench,AtLocation,classroom
Charles's mouse,AtLocation,pizza_place
William's cat,AtLocation,road
Elizabeth's mouse,AtLocation,field_romping
Robert's cat,AtLocation,fenced_in_area
Jessica's frisbee,AtLocation,store
Linda's sports_ball,AtLocation,furniture_store
Linda's airplane,AtLocation,dentist
Jessica's horse,AtLocation,hands_of_teacher
Susan's book,AtLocation,cat_litter_tray
William's cat,AtLocation,living_room
Jennifer's book,AtLocation,branch_of_tree
Joseph's dog,AtLocation,lobby
Thomas's bird,AtLocation,pet_shop
Richard's book,AtLocation,confession
Mary's cat,AtLocation,soup
John's bed,AtLocation,bibliography_of_another_book
Elizabeth's cat,AtLocation,race_track
Patricia's cow,AtLocation,cutlery_drawer
John's person,AtLocation,sky
Jessica's handbag,AtLocation,corner_of_two_streets
Richard's umbrella,AtLocation,laundry_basket
Robert's book,AtLocation,grocery_store
Thomas's spoon,AtLocation,store_at_beach
Jennifer's sports_ball,AtLocation,floor
Karen's bear,AtLocation,chemistry_lab
Karen's car,AtLocation,butcher's_when_dead
Robert's book,AtLocation,silverware_drawer
John's bowl,AtLocation,womens_department
Richard's traffic_light,AtLocation,research_laboratory
Sarah's mouse,AtLocation,cabinet
Jessica's clock,AtLocation,hole_in_wall
Richard's dog,AtLocation,slaughter_house
Barbara's frisbee,AtLocation,airplane
Richard's cat,AtLocation,cat's_mouth
Mary's car,AtLocation,grainery
Charles's boat,AtLocation,housewares_store
James's bed,AtLocation,briefcase
Richard's dog,AtLocation,tom_and_jerry_cartoon
Richard's apple,AtLocation,state_fair
Michael's elephant,AtLocation,nest
Barbara's mouse,AtLocation,jacket_closet
Joseph's dog,AtLocation,knife_block
Karen's zebra,AtLocation,quandry
Richard's sheep,AtLocation,dogs_mouth
Jennifer's cat,AtLocation,serving_dish
Joseph's umbrella,AtLocation,hospital
Jessica's dog,AtLocation,dishwasher
Mary's tv,AtLocation,countryside
Charles's dog,AtLocation,stove
Jennifer's dog,AtLocation,liquor_store
Elizabeth's horse,AtLocation,auditorium
Jessica's keyboard,AtLocation,frisbee_golf_course
Patricia's fork,AtLocation,belly
Charles's cake,AtLocation,petshop
Thomas's dog,AtLocation,car_dealership
Patricia's bird,AtLocation,bag
Susan's cat,AtLocation,college_store
Barbara's stop_sign,AtLocation,soup
Elizabeth's umbrella,AtLocation,cow_barn
Michael's dog,AtLocation,home
Barbara's mouse,AtLocation,stable_or_pasture
Mary's boat,AtLocation,nest
Richard's chair,AtLocation,bedside_table
Patricia's cat,AtLocation,hands_of_teacher
Mary's boat,AtLocation,restaurant
Linda's kite,AtLocation,equestrian_competition
Robert's mouse,AtLocation,cream
Sarah's cow,AtLocation,lawn
Joseph's book,AtLocation,laundry_room
William's mouse,AtLocation,war
James's sink,AtLocation,soccer_game
Thomas's chair,AtLocation,cow_pasture
Jessica's cow,AtLocation,fairy_tale
Sarah's knife,AtLocation,american_southwest
Sarah's bicycle,AtLocation,glass_of_iced_tea
Linda's toothbrush,AtLocation,bookshop
Charles's cow,AtLocation,farm
William's book,AtLocation,sunbeam
Richard's cat,AtLocation,parking_lot
Mary's book,AtLocation,most_rooms
Joseph's cat,AtLocation,child's_hand
Jennifer's cat,AtLocation,loft
Sarah's bed,AtLocation,lobby
Joseph's sink,AtLocation,onstage_at_concert
Barbara's cat,AtLocation,onstage_at_concert
Jessica's oven,AtLocation,knife_store
Mary's cat,AtLocation,cat
Thomas's knife,AtLocation,seats
Barbara's laptop,AtLocation,department_store
Barbara's knife,AtLocation,farmer's_pasture
Elizabeth's zebra,AtLocation,driveway
David's cat,AtLocation,parade
Patricia's airplane,AtLocation,iowa
David's knife,AtLocation,hospital
William's cow,AtLocation,scrap_heap
Jessica's bed,AtLocation,repair_shop
Barbara's spoon,AtLocation,toffee_apple
David's toilet,AtLocation,basement
Jessica's mouse,AtLocation,floor
Robert's bed,AtLocation,mouth
Susan's person,AtLocation,highway
Robert's book,AtLocation,netherlands
John's chair,AtLocation,woman's_closet
Robert's apple,AtLocation,butcher's_when_dead
James's cat,AtLocation,car_show
Linda's cat,AtLocation,ocala_florida
William's bicycle,AtLocation,small_hole
Joseph's apple,AtLocation,wal_mart
John's sink,AtLocation,esquestrian_event
William's apple,AtLocation,grainery
James's fork,AtLocation,netherlands
Richard's airplane,AtLocation,mousehouse
Susan's bowl,AtLocation,living_room
Elizabeth's horse,AtLocation,garden
Patricia's cat,AtLocation,state_fair
Robert's fork,AtLocation,trap
Karen's bed,AtLocation,barn_or_racing_track
Karen's book,AtLocation,basement
Barbara's cat,AtLocation,car
Barbara's dog,AtLocation,fairgrounds
James's dining_table,AtLocation,conference
James's book,AtLocation,dogpound
Jessica's airplane,AtLocation,downstairs_closet
Jessica's cat,AtLocation,orchard
Linda's horse,AtLocation,diaper_bag
James's dog,AtLocation,pocket
James's mouse,AtLocation,monkey's_hand
Susan's toothbrush,AtLocation,office_building
Thomas's sink,AtLocation,friend's_house
Jessica's bus,AtLocation,cutlery_drawer
Charles's tv,AtLocation,throat
James's toilet,AtLocation,hamburger_meat
Susan's tv,AtLocation,seats
Linda's person,AtLocation,washing_up_bowl
David's toilet,AtLocation,fence
Michael's mouse,AtLocation,resturant
Michael's knife,AtLocation,meadow
Susan's bottle,AtLocation,kennel
William's tv,AtLocation,hands_of_teacher
Joseph's chair,AtLocation,grain
Richard's umbrella,AtLocation,car_show
Karen's cat,AtLocation,catalog
Susan's horse,AtLocation,store
Thomas's mouse,AtLocation,animal_shops
Patricia's book,AtLocation,bowl
Thomas's stop_sign,AtLocation,ranch
Jennifer's dog,AtLocation,corner_of_two_streets
John's pizza,AtLocation,countryside
Patricia's cow,AtLocation,water
Jennifer's toilet,AtLocation,pizza_place
Elizabeth's tv,AtLocation,riding_stable
Sarah's cat,AtLocation,basement
Joseph's tv,AtLocation,classroom
Joseph's car,AtLocation,frisbee_golf_course
Charles's horse,AtLocation,bicycle_shop
John's cat,AtLocation,bakery
Robert's cat,AtLocation,table_setting
John's car,AtLocation,hole_in_wall
Jennifer's horse,AtLocation,lake
Jennifer's mouse,AtLocation,backpack
Jennifer's bench,AtLocation,apartment
Jessica's mouse,AtLocation,school_room
Barbara's bird,AtLocation,frisbee_golf_course
Robert's dog,AtLocation,kentucky_derby
James's chair,AtLocation,sand_box
David's toilet,AtLocation,bathroom_and_kitchen
John's cow,AtLocation,big_cities
Barbara's teddy_bear,AtLocation,cubboard
Linda's toilet,AtLocation,movies
Mary's boat,AtLocation,cage
Sarah's car,AtLocation,bathroom_cabinet
Michael's horse,AtLocation,outdoors
Susan's apple,AtLocation,wall
Robert's apple,AtLocation,theatre
Joseph's dog,AtLocation,formal_dining_room
Richard's sandwich,AtLocation,dog_owner's_home
Sarah's oven,AtLocation,confession
Barbara's book,AtLocation,country_field
Thomas's mouse,AtLocation,repair_shop
Robert's kite,AtLocation,department_store
John's mouse,AtLocation,hamburger
Thomas's cat,AtLocation,bowl
Jessica's cup,AtLocation,branch_of_tree
Sarah's chair,AtLocation,stable_or_pasture
Robert's mouse,AtLocation,cartoon
David's toilet,AtLocation,appartments
Mary's mouse,AtLocation,apple_tree
James's mouse,AtLocation,own_bedroom
Richard's cup,AtLocation,farmyard
Sarah's cat,AtLocation,street
William's refrigerator,AtLocation,umbrella_stand
Jennifer's suitcase,AtLocation,driveway
John's scissors,AtLocation,streets_of_india
Charles's book,AtLocation,home
David's stop_sign,AtLocation,history
Sarah's bed,AtLocation,supermarket
Joseph's clock,AtLocation,koppel
Sarah's car,AtLocation,wardrobe
Jennifer's cat,AtLocation,dairy_farm
Jessica's bed,AtLocation,lake
Mary's cat,AtLocation,hamburger_meat
Jennifer's horse,AtLocation,building
William's cow,AtLocation,western_movie
John's person,AtLocation,pile_of_books
Susan's mouse,AtLocation,koppel
Patricia's sink,AtLocation,cat's_mouth
Robert's umbrella,AtLocation,medicine_cabinet
Michael's mouse,AtLocation,middle_of_eating_grass
Linda's car,AtLocation,harbor
Joseph's frisbee,AtLocation,netherlands
John's cup,AtLocation,riding_stable
Mary's tv,AtLocation,new_york
Karen's cat,AtLocation,table_setting
Karen's vase,AtLocation,library
Karen's car,AtLocation,ground
Jennifer's chair,AtLocation,kentucky_derby
Mary's mouse,AtLocation,ocala_florida
James's cat,AtLocation,ocala_florida
Thomas's bird,AtLocation,knife_block
Elizabeth's spoon,AtLocation,dog_owner's_home
Barbara's cat,AtLocation,trash
Joseph's mouse,AtLocation,family
Patricia's mouse,AtLocation,horse_racetrack
Jessica's mouse,AtLocation,koppel
Jennifer's cake,AtLocation,conference
Linda's fork,AtLocation,slaughter_house
David's cat,AtLocation,beach
Sarah's cow,AtLocation,dog_house
Jennifer's mouse,AtLocation,cream
John's car,AtLocation,cage
Karen's car,AtLocation,dmoz
Charles's dog,AtLocation,airplane_hangar
Joseph's bus,AtLocation,a
John's cow,AtLocation,kentucky
John's spoon,AtLocation,space_shuttle
Thomas's car,AtLocation,room_of_educated_person
William's bird,AtLocation,state_fair
Jennifer's airplane,AtLocation,building
William's sports_ball,AtLocation,fairy_tale
Jennifer's book,AtLocation,hobby_shop
Mary's horse,AtLocation,knife_block
Patricia's chair,AtLocation,airplane
Michael's dog,AtLocation,use
John's stop_sign,AtLocation,hotel
James's bear,AtLocation,way
Charles's dog,AtLocation,roof
Elizabeth's knife,AtLocation,homewares_department
Patricia's oven,AtLocation,dishwasher
Thomas's broccoli,AtLocation,airplane
Michael's mouse,AtLocation,satchel
William's cake,AtLocation,greengrocer
John's bicycle,AtLocation,show
David's book,AtLocation,diaper_bag
Linda's fork,AtLocation,middle_of_eating_grass
Elizabeth's bowl,AtLocation,corn_field
Jessica's umbrella,AtLocation,shop
Jessica's chair,AtLocation,air
Susan's mouse,AtLocation,lake
Linda's cow,AtLocation,fielf
Michael's car,AtLocation,cellar
James's chair,AtLocation,glass_of_iced_tea
John's fork,AtLocation,terrarium
Patricia's mouse,AtLocation,leash
Jessica's couch,AtLocation,gym
John's mouse,AtLocation,friend's_house
Karen's bird,AtLocation,country_side
Karen's mouse,AtLocation,car_dealership
Mary's bicycle,AtLocation,prison
Jennifer's person,AtLocation,repair_shop
James's chair,AtLocation,office_building
Charles's mouse,AtLocation,formal_dining_room
Linda's bus,AtLocation,sports_shop
Jennifer's fork,AtLocation,fishing_boat
John's mouse,AtLocation,cubboard
Jessica's umbrella,AtLocation,basement
Joseph's fork,AtLocation,grass
Sarah's cow,AtLocation,nature
Susan's dog,AtLocation,corral
David's zebra,AtLocation,jacket_closet
Jennifer's spoon,AtLocation,sand_box
David's elephant,AtLocation,silverware_drawer
William's couch,AtLocation,trash
Thomas's microwave,AtLocation,mousehouse
Charles's cow,AtLocation,small_hole
Thomas's cat,AtLocation,piano
Barbara's cake,AtLocation,persons_heart
William's stop_sign,AtLocation,dairy_farm
John's fork,AtLocation,department_store
David's cat,AtLocation,onstage_at_concert
Linda's cat,AtLocation,rest_area
Thomas's mouse,AtLocation,kitchen_or_bathroom
Linda's tv,AtLocation,soccer_game
Charles's bird,AtLocation,cutlery_draw
Barbara's car,AtLocation,grain
John's cow,AtLocation,cellar
Patricia's car,AtLocation,stomach
Thomas's dog,AtLocation,barn_full_of_grain
Joseph's toilet,AtLocation,cat_lover's_lap
Barbara's chair,AtLocation,detroit
Karen's cat,AtLocation,book_bag
Karen's bottle,AtLocation,harbor
Richard's mouse,AtLocation,movies
Elizabeth's mouse,AtLocation,hangar
Michael's bus,AtLocation,dairy_farm
William's airplane,AtLocation,pizza_place
Charles's clock,AtLocation,music_store
James's cow,AtLocation,hotel
Jennifer's toothbrush,AtLocation,cellar
Mary's book,AtLocation,drawer_in_kitchen
Karen's tv,AtLocation,america
Jennifer's bear,AtLocation,cafe
Mary's book,AtLocation,back
Elizabeth's apple,AtLocation,knife_block
Mary's boat,AtLocation,animal_shops
Linda's clock,AtLocation,cavalry
Karen's bottle,AtLocation,bicycle_shop
William's apple,AtLocation,dentist_office
Charles's horse,AtLocation,cutlery_draw
Mary's mouse,AtLocation,bowl
Karen's mouse,AtLocation,prison
Richard's spoon,AtLocation,gym_locker
Barbara's car,AtLocation,ranch
Mary's refrigerator,AtLocation,airplane
David's bottle,AtLocation,corner
Jennifer's tv,AtLocation,beam_of_sunlight
Mary's bicycle,AtLocation,cafe
Charles's mouse,AtLocation,alley
Barbara's traffic_light,AtLocation,hotel_room
Sarah's umbrella,AtLocation,comfortable_chair
Joseph's frisbee,AtLocation,fairgrounds
Mary's book,AtLocation,grainery
Jennifer's bicycle,AtLocation,doghouse
Thomas's boat,AtLocation,serving_dish
Jennifer's suitcase,AtLocation,silverware_drawer
Patricia's keyboard,AtLocation,housewares_store
Michael's mouse,AtLocation,field_romping
Sarah's bicycle,AtLocation,highway
Richard's chair,AtLocation,picture_book_of_horses
Sarah's toilet,AtLocation,shed
Jessica's cow,AtLocation,apple_pie
David's person,AtLocation,end_of_line
Jessica's kite,AtLocation,bathroom
James's suitcase,AtLocation,stadium
Elizabeth's mouse,AtLocation,river
Richard's cat,AtLocation,wild
Elizabeth's cup,AtLocation,butcher's_when_dead
Charles's mouse,AtLocation,backseat_of_car
John's couch,AtLocation,cupboard
Linda's toothbrush,AtLocation,scrapyard
Barbara's mouse,AtLocation,freeway
William's dog,AtLocation,barn_or_racing_track
Charles's elephant,AtLocation,lab_maze
Joseph's bicycle,AtLocation,hobby_shop
Thomas's knife,AtLocation,cat_litter_tray
William's mouse,AtLocation,chair
Linda's mouse,AtLocation,tourist_store
Jennifer's cat,AtLocation,stack
John's cow,AtLocation,spain
Elizabeth's dog,AtLocation,floor
Karen's clock,AtLocation,sports_shop
Barbara's sink,AtLocation,airport
Sarah's oven,AtLocation,bookshop
Jennifer's bicycle,AtLocation,school
Jessica's mouse,AtLocation,pound
Susan's mouse,AtLocation,forest
Linda's mouse,AtLocation,school_room
Jessica's cat,AtLocation,hamburger
Robert's boat,AtLocation,country_field
Patricia's dog,AtLocation,repair_shop
Jessica's airplane,AtLocation,apple_tree
Karen's bicycle,AtLocation,child's_hand
John's mouse,AtLocation,herd
Michael's book,AtLocation,relatives_house
Joseph's handbag,AtLocation,school_room
Patricia's giraffe,AtLocation,bedroom
David's sink,AtLocation,kennel
Karen's mouse,AtLocation,city
Robert's chair,AtLocation,hole_in_wall
Sarah's chair,AtLocation,formal_dining_room
Jennifer's cat,AtLocation,party
Mary's bird,AtLocation,zoo
Linda's cat,AtLocation,doghouse
Michael's dog,AtLocation,warm_place
James's sheep,AtLocation,drink
Michael's car,AtLocation,canada
Thomas's cat,AtLocation,nest
Joseph's tv,AtLocation,ranch
Susan's potted_plant,AtLocation,arms
Susan's cup,AtLocation,warm_place
Jessica's horse,AtLocation,land
Sarah's clock,AtLocation,kennel
Sarah's mouse,AtLocation,bookshop
Joseph's cat,AtLocation,county_fair
Elizabeth's toilet,AtLocation,horse_racetrack
Patricia's chair,AtLocation,nursery
Jennifer's spoon,AtLocation,discount_store
Elizabeth's book,AtLocation,child's_hand
Sarah's bicycle,AtLocation,feed_lot
Susan's mouse,AtLocation,throat
William's couch,AtLocation,back_yard
Patricia's mouse,AtLocation,streets_of_india
James's elephant,AtLocation,packinglot
Barbara's fork,AtLocation,comfortable_chair
Michael's knife,AtLocation,book_club
Charles's clock,AtLocation,corner_of_two_streets
Linda's book,AtLocation,new_hampshire
John's mouse,AtLocation,ground
Michael's horse,AtLocation,driveway
William's stop_sign,AtLocation,alley
Patricia's cat,AtLocation,car_show
Charles's cat,AtLocation,shelf
Mary's horse,AtLocation,demonstration
Elizabeth's bus,AtLocation,lunchbox
Richard's cow,AtLocation,bookshelves
Susan's mouse,AtLocation,friend's_house
Barbara's person,AtLocation,sheath
Patricia's bird,AtLocation,counter
Barbara's horse,AtLocation,airplane
Michael's mouse,AtLocation,arms
Elizabeth's cow,AtLocation,lower_brances_of_tree
Elizabeth's person,AtLocation,service_station
Mary's couch,AtLocation,petshop
John's couch,AtLocation,home
Charles's dog,AtLocation,middle_of_eating_grass
Robert's sink,AtLocation,cage
Michael's bench,AtLocation,field_romping
James's mouse,AtLocation,school_room
Mary's couch,AtLocation,beach
Michael's book,AtLocation,country_side
David's scissors,AtLocation,cake_tin
Joseph's broccoli,AtLocation,housewares_store
Susan's horse,AtLocation,beam_of_sunlight
David's bird,AtLocation,pet_shop
Jessica's person,AtLocation,movies
David's fork,AtLocation,ex_husbands_back
Mary's bench,AtLocation,wall
Jessica's horse,AtLocation,room_of_educated_person
Linda's cat,AtLocation,farmyard
Elizabeth's car,AtLocation,office_building
Joseph's couch,AtLocation,cafeteria
Jennifer's cat,AtLocation,pizza_store
David's stop_sign,AtLocation,knife_holder
David's horse,AtLocation,shed
Linda's mouse,AtLocation,birdbath
Jennifer's frisbee,AtLocation,bowl
James's cake,AtLocation,hospital
Karen's chair,AtLocation,downstairs_closet
Richard's dog,AtLocation,laundry_room
Elizabeth's mouse,AtLocation,office_building
Sarah's cat,AtLocation,room
Linda's horse,AtLocation,family
Jennifer's dog,AtLocation,slaughter_house
James's bed,AtLocation,tokyo
Richard's bed,AtLocation,gym_locker
Richard's oven,AtLocation,refrigerator
Thomas's bench,AtLocation,chair
John's clock,AtLocation,american_southwest
Sarah's car,AtLocation,pet_store
Michael's cat,AtLocation,fishing_boat
Jessica's bird,AtLocation,fast_food_restaurant
David's dog,AtLocation,racetrack
Patricia's cat,AtLocation,briefcase
Mary's book,AtLocation,countryside
Richard's mouse,AtLocation,toy_chest
Elizabeth's toilet,AtLocation,arizona
Michael's bench,AtLocation,horses_mouth
Thomas's cat,AtLocation,plate
Barbara's sink,AtLocation,gym_locker
Susan's mouse,AtLocation,lawn
Mary's chair,AtLocation,dinner
Karen's bus,AtLocation,lab
Jennifer's mouse,AtLocation,picture_book_of_horses
Karen's cow,AtLocation,hospital_drug_storeroom
Jennifer's cake,AtLocation,central_park
Sarah's bus,AtLocation,liquor_store
Michael's toilet,AtLocation,cavalry
Patricia's bus,AtLocation,lab_maze
Patricia's mouse,AtLocation,family_room
Elizabeth's spoon,AtLocation,drink
Karen's cat,AtLocation,refigerator
David's bird,AtLocation,history
Charles's horse,AtLocation,deadhead's_van
Karen's mouse,AtLocation,sunbeam
Sarah's refrigerator,AtLocation,sports_store
John's bed,AtLocation,military_base
William's horse,AtLocation,umbrella_stand
Mary's airplane,AtLocation,street
Michael's bus,AtLocation,lap
Joseph's cat,AtLocation,car
Charles's car,AtLocation,barn_full_of_grain
Michael's sink,AtLocation,kitchen_drawer
David's car,AtLocation,cage
Patricia's cat,AtLocation,hands_of_teacher
William's knife,AtLocation,dirty_house
Susan's person,AtLocation,sport
Jennifer's toothbrush,AtLocation,cubboard
Linda's kite,AtLocation,lab
Karen's pizza,AtLocation,field
William's fork,AtLocation,hanger
Sarah's car,AtLocation,a
Jennifer's horse,AtLocation,scrapyard
Linda's horse,AtLocation,nursery
David's knife,AtLocation,indiana
Barbara's mouse,AtLocation,fiueld
Jessica's bird,AtLocation,refrigerator
David's bed,AtLocation,catalog
Jessica's couch,AtLocation,theater
David's cat,AtLocation,america
Barbara's bench,AtLocation,museum_store
Charles's apple,AtLocation,store_at_beach
William's mouse,AtLocation,fenced_in_area
David's car,AtLocation,museum_store
Mary's sink,AtLocation,corral
Elizabeth's umbrella,AtLocation,drawer_in_kitchen
Karen's tv,AtLocation,race_track
Robert's horse,AtLocation,bakery
Patricia's dog,AtLocation,outside_in_pasture
James's hot_dog,AtLocation,knife_store
Barbara's cup,AtLocation,sport
William's toothbrush,AtLocation,fork_in_road
Richard's cat,AtLocation,central_park
Jennifer's potted_plant,AtLocation,kentucky_derby
Jessica's cat,AtLocation,pasture_grazing
Susan's bird,AtLocation,houseplant
Barbara's dog,AtLocation,satchel
Linda's bicycle,AtLocation,landfill
Barbara's boat,AtLocation,cafeteria
Linda's bicycle,AtLocation,mousehouse
Elizabeth's cow,AtLocation,dentist_office
Barbara's dog,AtLocation,drink
David's dog,AtLocation,gateway_country
John's cow,AtLocation,ocean
Sarah's mouse,AtLocation,drawer_in_kitchen
James's kite,AtLocation,book_bag
Joseph's umbrella,AtLocation,bedside_table
Charles's bottle,AtLocation,kentucky
Robert's mouse,AtLocation,outside_in_pasture
Thomas's clock,AtLocation,barn_field
Joseph's cat,AtLocation,artifact
Jessica's giraffe,AtLocation,stabile
Charles's cow,AtLocation,washing_up_bowl
David's sports_ball,AtLocation,box
Elizabeth's apple,AtLocation,cat_box
Sarah's cow,AtLocation,synagogue
Barbara's mouse,AtLocation,apple_pie
Jessica's fork,AtLocation,chinese_resturant
Susan's mouse,AtLocation,birdbath
Michael's chair,AtLocation,horses_mouth
Sarah's bird,AtLocation,chair
Michael's car,AtLocation,belly
Thomas's bed,AtLocation,apple_pie
Jessica's bench,AtLocation,living_room
Patricia's cat,AtLocation,ocean
Jessica's horse,AtLocation,stable
Robert's cow,AtLocation,fork_in_road
Elizabeth's toilet,AtLocation,outside
Jessica's cup,AtLocation,hospital_drug_storeroom
Richard's mouse,AtLocation,napkin
Linda's cake,AtLocation,pizza_store
Michael's horse,AtLocation,medicine_cabinet
Joseph's person,AtLocation,cow_pasture
Charles's dog,AtLocation,back
Robert's cat,AtLocation,field
Elizabeth's book,AtLocation,computer_commercial
Thomas's toilet,AtLocation,most_rooms
Patricia's bed,AtLocation,produce_section_of_supermarket
John's mouse,AtLocation,barn_or_racing_track
Elizabeth's refrigerator,AtLocation,airport
Michael's fork,AtLocation,wall
Joseph's car,AtLocation,untensil_drawer
Richard's cup,AtLocation,city
Sarah's airplane,AtLocation,outdoors
Patricia's mouse,AtLocation,hotel
Karen's horse,AtLocation,wal_mart
Linda's bicycle,AtLocation,toffee_apple
David's bowl,AtLocation,stabbing_victim
Karen's fork,AtLocation,basement
William's mouse,AtLocation,history
Richard's dog,AtLocation,sink
Richard's cow,AtLocation,ocala_florida
Robert's book,AtLocation,baggage_compartment
Sarah's truck,AtLocation,feed_lot
Patricia's spoon,AtLocation,laundry_room
Jessica's oven,AtLocation,rest_area
Thomas's cow,AtLocation,washing_up_bowl
Karen's dog,AtLocation,toffee_apple
Jessica's book,AtLocation,grain_bin
David's handbag,AtLocation,sporting_event
Mary's knife,AtLocation,field_on_farm
Charles's toothbrush,AtLocation,shelf
Charles's cup,AtLocation,plumbing_shop
Sarah's fork,AtLocation,backyard
Thomas's spoon,AtLocation,sporting_good_store
Susan's person,AtLocation,movie
Michael's bed,AtLocation,cupboard
William's frisbee,AtLocation,kitchen_cabinet
Linda's cow,AtLocation,arizona
Robert's cow,AtLocation,refrigerator
Thomas's airplane,AtLocation,barn_or_racing_track
William's cow,AtLocation,stabile
William's couch,AtLocation,dmoz
Joseph's toilet,AtLocation,baseball_game
William's car,AtLocation,water_fountain
Mary's cup,AtLocation,college_store
Joseph's airplane,AtLocation,womens_department
Jennifer's mouse,AtLocation,john_wayne_movie
Barbara's book,AtLocation,rainy_place
William's cat,AtLocation,corn_field
Sarah's refrigerator,AtLocation,kitchen_or_bathroom
Thomas's sheep,AtLocation,forest
Linda's horse,AtLocation,chair
Jennifer's vase,AtLocation,kitchen
Elizabeth's tv,AtLocation,outside
John's horse,AtLocation,country_side
John's toothbrush,AtLocation,livestock_market
Jennifer's cup,AtLocation,nature
Susan's bicycle,AtLocation,western_movie
Thomas's sports_ball,AtLocation,cat_box
Patricia's horse,AtLocation,laundry_room
Elizabeth's bird,AtLocation,riding_stable
Barbara's clock,AtLocation,laundry_room
Mary's bench,AtLocation,grain_bin
Sarah's couch,AtLocation,resturant
James's bird,AtLocation,satchel
John's bottle,AtLocation,loft
Elizabeth's horse,AtLocation,fast_food_restaurant
Patricia's cup,AtLocation,park
John's chair,AtLocation,heat
Jessica's clock,AtLocation,pizza_store
Jennifer's potted_plant,AtLocation,own_home
Richard's book,AtLocation,great_outdoors
Linda's horse,AtLocation,theater
Richard's cake,AtLocation,big_cities
Barbara's book,AtLocation,car_show
Thomas's dog,AtLocation,shed
Mary's book,AtLocation,cat_litter_tray
Charles's cat,AtLocation,land
Mary's cow,AtLocation,furniture_store
Jessica's mouse,AtLocation,india
Sarah's fork,AtLocation,esquestrian_event
William's cat,AtLocation,cake_tin
Sarah's chair,AtLocation,knife_block
Barbara's person,AtLocation,milking_barn
Mary's car,AtLocation,hamburger
Robert's toilet,AtLocation,war
Robert's cat,AtLocation,farmer's_market
Michael's book,AtLocation,trailer
Elizabeth's cow,AtLocation,dogs_mouth
James's bus,AtLocation,land
Michael's sports_ball,AtLocation,driveway
David's bird,AtLocation,stall
Elizabeth's fork,AtLocation,field_romping
Elizabeth's chair,AtLocation,grain
James's toilet,AtLocation,sand_box
Linda's dog,AtLocation,new_hampshire
Richard's cat,AtLocation,greengrocer
William's horse,AtLocation,sports_arena
Charles's apple,AtLocation,rainy_place
David's cat,AtLocation,drink
Thomas's bird,AtLocation,motel
John's couch,AtLocation,couch
Patricia's cow,AtLocation,library
Thomas's chair,AtLocation,laboratory
John's horse,AtLocation,coffee_table
Patricia's toilet,AtLocation,finger
David's umbrella,AtLocation,satchel
Robert's sink,AtLocation,land
Jennifer's frisbee,AtLocation,waiting_room
Charles's bus,AtLocation,restaurant
Joseph's book,AtLocation,cow_barn
Linda's chair,AtLocation,feed_lot
John's fork,AtLocation,zoo
Michael's dog,AtLocation,hangar
James's bowl,AtLocation,hands_of_student
Richard's mouse,AtLocation,womens_department
Barbara's umbrella,AtLocation,frisbee_golf_course
John's bench,AtLocation,a
William's dog,AtLocation,rainy_place
Sarah's dog,AtLocation,apple_tree
Joseph's cow,AtLocation,department_store
Susan's kite,AtLocation,middle_of_eating_grass
Elizabeth's suitcase,AtLocation,alleyway
James's knife,AtLocation,john_wayne_movie
James's apple,AtLocation,building
Mary's cat,AtLocation,toffee_apple
Michael's cow,AtLocation,disneyland
Linda's cat,AtLocation,air
William's cat,AtLocation,dishwasher
Barbara's cat,AtLocation,computer_commercial
John's fork,AtLocation,coffee_table
Joseph's teddy_bear,AtLocation,store_at_beach
Jennifer's bed,AtLocation,dogs_mouth
John's cow,AtLocation,animal_shops
Michael's mouse,AtLocation,schoolyard
Michael's knife,AtLocation,sporting_event
Mary's cat,AtLocation,water_cooler
Patricia's cat,AtLocation,sporting_good_store
Charles's mouse,AtLocation,demonstration
William's mouse,AtLocation,university
Jennifer's person,AtLocation,lap
William's cake,AtLocation,iowa
William's toilet,AtLocation,laundry_basket
John's cat,AtLocation,living_room
Susan's knife,AtLocation,waiting_room
Sarah's kite,AtLocation,living_room
James's cow,AtLocation,cage
Karen's bed,AtLocation,bedroom
David's kite,AtLocation,area_of_computer
Elizabeth's scissors,AtLocation,herd
Patricia's cat,AtLocation,farmyard
Richard's horse,AtLocation,cage
William's horse,AtLocation,bus_depot
Linda's airplane,AtLocation,cubicle
Karen's cat,AtLocation,field
Elizabeth's sandwich,AtLocation,toffee_apple
Richard's cow,AtLocation,luggage_store
John's clock,AtLocation,country_side
Michael's book,AtLocation,corner
William's pizza,AtLocation,cow_pasture
Michael's mouse,AtLocation,sofa
Sarah's sports_ball,AtLocation,dishwasher
Jennifer's oven,AtLocation,bed
Patricia's dog,AtLocation,living_room
Linda's fork,AtLocation,front_door
Mary's elephant,AtLocation,livestock_market
William's cat,AtLocation,universe
Joseph's knife,AtLocation,comfortable_chair
Thomas's mouse,AtLocation,refrigerator
John's cake,AtLocation,baseball_game
Joseph's car,AtLocation,racetrack
Jessica's cup,AtLocation,driveway
Karen's cow,AtLocation,shed
Karen's dog,AtLocation,horsebox
Karen's mouse,AtLocation,cash's_room
Charles's clock,AtLocation,hospital
James's mouse,AtLocation,sports_arena
Charles's bus,AtLocation,toy_chest
Richard's chair,AtLocation,petshop
Susan's frisbee,AtLocation,pizza_store
Karen's chair,AtLocation,loft
Susan's dog,AtLocation,sport
Richard's frisbee,AtLocation,trap
Jennifer's horse,AtLocation,bedroom
Charles's umbrella,AtLocation,michigan
Robert's mouse,AtLocation,ocean
Joseph's cat,AtLocation,dishwasher
Barbara's mouse,AtLocation,area_of_computer
Jennifer's knife,AtLocation,refigerator
Michael's cup,AtLocation,small_hole
Joseph's chair,AtLocation,loft
Barbara's kite,AtLocation,floor
Karen's cat,AtLocation,basement
John's scissors,AtLocation,seats
Susan's horse,AtLocation,backseat_of_car
James's microwave,AtLocation,untensil_drawer
Patricia's toothbrush,AtLocation,school_room
Mary's book,AtLocation,equestrian_competition
William's cat,AtLocation,family_room
Jennifer's fork,AtLocation,taxi
Sarah's handbag,AtLocation,spain
Linda's cell_phone,AtLocation,ground
Patricia's clock,AtLocation,grain_field
Jessica's bus,AtLocation,wall
David's bowl,AtLocation,sunbeam
Barbara's horse,AtLocation,bookshelves
John's teddy_bear,AtLocation,supermarket
James's pizza,AtLocation,school_room
Sarah's tv,AtLocation,conference
John's horse,AtLocation,resturant
James's book,AtLocation,orchard
Thomas's toilet,AtLocation,state_fair
Richard's banana,AtLocation,milking_stall
Robert's toilet,AtLocation,wal_mart
Robert's umbrella,AtLocation,airplane_hangar
Jennifer's cat,AtLocation,new_hampshire
Susan's bird,AtLocation,netherlands
Charles's toilet,AtLocation,floor
Susan's cow,AtLocation,backpack
Linda's car,AtLocation,doctor
Linda's clock,AtLocation,kentucky_derby
Jennifer's sink,AtLocation,arms
John's dog,AtLocation,drawer
Jessica's book,AtLocation,koppel
Jessica's sandwich,AtLocation,library_of_congress
Karen's car,AtLocation,cabinet
William's truck,AtLocation,drug_store
Thomas's cat,AtLocation,in_phoenix
John's bed,AtLocation,pile_of_books
Charles's bird,AtLocation,computer_commercial
John's book,AtLocation,cafeteria
Susan's fork,AtLocation,parade
Richard's stop_sign,AtLocation,refigerator
William's cow,AtLocation,fridge
Jessica's knife,AtLocation,hand
Mary's bicycle,AtLocation,road
Jennifer's cow,AtLocation,michigan
Sarah's bicycle,AtLocation,lobby
John's elephant,AtLocation,beam_of_sunlight
Charles's suitcase,AtLocation,computer_commercial
Linda's cup,AtLocation,grocery_store
Joseph's refrigerator,AtLocation,detroit
Robert's cat,AtLocation,serving_dish
Joseph's toilet,AtLocation,fridge
John's fork,AtLocation,butcher_shop
Linda's dog,AtLocation,branch_of_tree
Michael's mouse,AtLocation,esquestrian_event
Elizabeth's tv,AtLocation,bathroom_and_kitchen
Karen's cow,AtLocation,home
Karen's kite,AtLocation,living_room
Robert's cat,AtLocation,restaurant
Charles's cat,AtLocation,back
David's cup,AtLocation,lake
Michael's knife,AtLocation,front_door
James's mouse,AtLocation,cubboard
William's giraffe,AtLocation,bathroom_cabinet
James's wine_glass,AtLocation,front_door
David's cow,AtLocation,ground
Barbara's chair,AtLocation,scrap_heap
Patricia's bench,AtLocation,pile_of_books
Susan's airplane,AtLocation,box
Susan's book,AtLocation,rug
Thomas's bicycle,AtLocation,building
David's dog,AtLocation,horse_racetrack
Patricia's cake,AtLocation,lawn
William's mouse,AtLocation,child's_hand
Thomas's cat,AtLocation,hospital
Michael's sports_ball,AtLocation,friend's_house
James's bottle,AtLocation,opera
Mary's cat,AtLocation,living_room
Linda's cat,AtLocation,chemistry_lab
Thomas's horse,AtLocation,leash
Susan's cat,AtLocation,movie
John's book,AtLocation,relatives_house
Thomas's toilet,AtLocation,kentucky_derby
Sarah's boat,AtLocation,country_field
John's cow,AtLocation,counter
Barbara's book,AtLocation,barn_or_racing_track
Elizabeth's chair,AtLocation,cupboard
Susan's mouse,AtLocation,scrapyard
Patricia's boat,AtLocation,greengrocer
Robert's clock,AtLocation,drink
Barbara's boat,AtLocation,persons_heart
Sarah's tv,AtLocation,vet
David's horse,AtLocation,lobby
Patricia's bed,AtLocation,beach
David's horse,AtLocation,book_club
Thomas's cow,AtLocation,pantry
Michael's dog,AtLocation,grain
Sarah's cow,AtLocation,field
Michael's cat,AtLocation,family_room
Joseph's mouse,AtLocation,central_park
Susan's bed,AtLocation,drawer_in_kitchen
James's cat,AtLocation,fairy_tale
Robert's fork,AtLocation,michigan
James's scissors,AtLocation,outdoors
Joseph's chair,AtLocation,antique_store
Robert's frisbee,AtLocation,school_room
Barbara's knife,AtLocation,doctor
Patricia's cat,AtLocation,cargo_hold
Jennifer's cow,AtLocation,farm
William's kite,AtLocation,movie
David's fork,AtLocation,sporting_event
Robert's cow,AtLocation,sky
Jessica's bowl,AtLocation,hamburger
Linda's knife,AtLocation,napkin
Joseph's book,AtLocation,butcher's_when_dead
Mary's scissors,AtLocation,gymnasium
Joseph's book,AtLocation,artifact
Linda's horse,AtLocation,vet
Mary's refrigerator,AtLocation,spain
Thomas's cow,AtLocation,corner
John's fork,AtLocation,childs_sand_box
Sarah's laptop,AtLocation,persons_heart
Patricia's dog,AtLocation,fielf
Michael's mouse,AtLocation,cage
Susan's spoon,AtLocation,room
Robert's mouse,AtLocation,ranch
David's cat,AtLocation,stomach
Joseph's book,AtLocation,bathroom_cabinet
Susan's banana,AtLocation,book_club
Robert's tv,AtLocation,research_laboratory
Jennifer's mouse,AtLocation,backpack
John's toilet,AtLocation,counter
Elizabeth's boat,AtLocation,western_movie
Charles's traffic_light,AtLocation,museum_store
Charles's fork,AtLocation,waiting_room
Mary's zebra,AtLocation,butcher_shop
John's kite,AtLocation,sunbeam
Jessica's car,AtLocation,stabbing_victim
Elizabeth's sink,AtLocation,sport
James's umbrella,AtLocation,desktop
Patricia's bicycle,AtLocation,alley
Richard's toilet,AtLocation,fairgrounds
Charles's umbrella,AtLocation,piano
Sarah's dog,AtLocation,sky
Charles's cat,AtLocation,book_bag
Karen's refrigerator,AtLocation,doctor
Joseph's horse,AtLocation,hands_of_teacher
Elizabeth's knife,AtLocation,hole
Patricia's horse,AtLocation,animal_shops
Sarah's bed,AtLocation,end_of_line
Barbara's knife,AtLocation,classroom
Richard's apple,AtLocation,research_laboratory
Jessica's umbrella,AtLocation,knife_store
Joseph's refrigerator,AtLocation,closet
William's cat,AtLocation,church
James's knife,AtLocation,laboratory
Linda's sink,AtLocation,kentucky
James's sheep,AtLocation,river
Joseph's person,AtLocation,cowbarn
Jessica's bird,AtLocation,lake
Patricia's mouse,AtLocation,horsebox
James's sink,AtLocation,music_store
Mary's cow,AtLocation,bus_stop
James's car,AtLocation,piano
Jennifer's bottle,AtLocation,pile_of_books
Charles's boat,AtLocation,paddock
Michael's bicycle,AtLocation,america
Richard's car,AtLocation,finger
Susan's donut,AtLocation,luggage_store
Joseph's cow,AtLocation,train_station
Linda's chair,AtLocation,own_bedroom
Barbara's bus,AtLocation,kitchen
Robert's dog,AtLocation,artifact
William's book,AtLocation,cow_barn
Thomas's chair,AtLocation,cartoon
John's cat,AtLocation,department_store
Robert's umbrella,AtLocation,childs_sand_box
Joseph's cup,AtLocation,sheath
Susan's cup,AtLocation,picture_book_of_horses
Linda's sports_ball,AtLocation,movies
Patricia's bowl,AtLocation,cutlery_drawer
Elizabeth's refrigerator,AtLocation,backpack
John's bird,AtLocation,historical_photographs
Sarah's cow,AtLocation,water_fountain
Michael's fork,AtLocation,airplane
Susan's knife,AtLocation,barn_field
William's cat,AtLocation,fork_in_road
Jennifer's book,AtLocation,oven
John's cat,AtLocation,cutlery_drawer
Sarah's clock,AtLocation,stomach
Sarah's cow,AtLocation,triatholon
Robert's cup,AtLocation,outside_in_pasture
Linda's horse,AtLocation,feed_lot
William's bicycle,AtLocation,streets_of_india
Joseph's person,AtLocation,birthday_party
Charles's cow,AtLocation,america
Thomas's sheep,AtLocation,diaper_bag
Mary's couch,AtLocation,sunbeam
Jennifer's horse,AtLocation,theater
Mary's cat,AtLocation,onstage_at_concert
Mary's bird,AtLocation,corn_field
Elizabeth's cup,AtLocation,fiueld
Thomas's mouse,AtLocation,pocket
Joseph's horse,AtLocation,belly
John's giraffe,AtLocation,trailer
Richard's tv,AtLocation,dogs_mouth
William's giraffe,AtLocation,horses_mouth
Sarah's cow,AtLocation,suitcase
Michael's elephant,AtLocation,middle_of_eating_grass
William's stop_sign,AtLocation,kitchen_or_bathroom
Michael's stop_sign,AtLocation,beach
David's mouse,AtLocation,cavalry
Elizabeth's book,AtLocation,child's_hand
Elizabeth's spoon,AtLocation,idaho
Mary's cat,AtLocation,leash
Linda's chair,AtLocation,waiting_room
Michael's cat,AtLocation,porch
Jessica's bottle,AtLocation,animal_shops
Patricia's dog,AtLocation,arizona
Richard's mouse,AtLocation,country_field
Elizabeth's cat,AtLocation,use
Charles's airplane,AtLocation,kitchen_drawer
Elizabeth's mouse,AtLocation,doctor
Thomas's bird,AtLocation,engraving
Michael's dog,AtLocation,hospital_drug_storeroom
John's book,AtLocation,fridge
David's toilet,AtLocation,cake_tin
Charles's car,AtLocation,america
Karen's tv,AtLocation,family
Robert's dog,AtLocation,persons_heart
Richard's dog,AtLocation,farmer's_market
Mary's mouse,AtLocation,farmer's_pasture
William's book,AtLocation,nature
John's mouse,AtLocation,corner_of_two_streets
Joseph's toilet,AtLocation,idaho
Patricia's knife,AtLocation,demonstration
Jennifer's cake,AtLocation,sofa
Susan's person,AtLocation,baggage_compartment
Robert's cat,AtLocation,cow_pasture
Charles's umbrella,AtLocation,table_setting
Thomas's sink,AtLocation,fork_in_road
David's person,AtLocation,toffee_apple
James's mouse,AtLocation,space_shuttle
Jennifer's refrigerator,AtLocation,apple_orchard
Elizabeth's chair,AtLocation,water_fountain
Jessica's book,AtLocation,laundry_basket
Jessica's elephant,AtLocation,western_movie
Joseph's mouse,AtLocation,dentist
Michael's clock,AtLocation,computer_store
Elizabeth's fork,AtLocation,cafe
Michael's chair,AtLocation,fair
William's airplane,AtLocation,town
Michael's keyboard,AtLocation,fridge
James's toilet,AtLocation,outside
Robert's person,AtLocation,bus_depot
Joseph's elephant,AtLocation,bay
William's knife,AtLocation,red_barn
Richard's airplane,AtLocation,floor
Jennifer's book,AtLocation,kennel
Patricia's book,AtLocation,womens_department
John's horse,AtLocation,parking_lot
Sarah's bus,AtLocation,mousehouse
Sarah's mouse,AtLocation,swamp
Thomas's car,AtLocation,nature
John's book,AtLocation,pet_shop
James's mouse,AtLocation,conference
John's mouse,AtLocation,couch
Richard's toilet,AtLocation,livingroom
Elizabeth's chair,AtLocation,cafeteria
William's apple,AtLocation,great_outdoors
John's person,AtLocation,doghouse
Mary's sheep,AtLocation,trash
Michael's book,AtLocation,monkey's_hand
Robert's bowl,AtLocation,dugout
Elizabeth's cat,AtLocation,hands_of_student
Robert's fork,AtLocation,lab
David's mouse,AtLocation,branch_of_tree
Sarah's fork,AtLocation,circus
Linda's sandwich,AtLocation,orchard
Jennifer's giraffe,AtLocation,bus_depot
Barbara's mouse,AtLocation,lower_brances_of_tree
James's dog,AtLocation,lab
Jennifer's cake,AtLocation,persons_heart
Linda's chair,AtLocation,silverware_drawer
David's book,AtLocation,chinese_resturant
Patricia's car,AtLocation,bus_depot
Richard's cat,AtLocation,dog_owner's_home
David's couch,AtLocation,pet_store
Thomas's toilet,AtLocation,plate
Thomas's book,AtLocation,toy_chest
Elizabeth's toilet,AtLocation,kentucky_derby
William's truck,AtLocation,trash
Robert's dog,AtLocation,building
Karen's spoon,AtLocation,greengrocer
Karen's dog,AtLocation,trash
Karen's horse,AtLocation,school_room
Joseph's frisbee,AtLocation,butcher's_when_dead
Charles's car,AtLocation,outdoors
Barbara's fork,AtLocation,war
Linda's donut,AtLocation,library_of_congress
Jessica's car,AtLocation,universe
Barbara's cat,AtLocation,cake_tin
Robert's horse,AtLocation,downstairs_closet
John's chair,AtLocation,barn_field
Thomas's bird,AtLocation,laundry_room
Jennifer's car,AtLocation,kitchen_or_bathroom
William's elephant,AtLocation,western_movie
Linda's book,AtLocation,quandry
Richard's dog,AtLocation,bookshelf
Susan's book,AtLocation,downstairs_closet
Joseph's chair,AtLocation,stable_or_pasture
Jessica's bird,AtLocation,taxi
James's mouse,AtLocation,butcher's_when_dead
Jennifer's mouse,AtLocation,ranch
Patricia's potted_plant,AtLocation,apple_orchard
Barbara's cup,AtLocation,drawer
Jessica's cat,AtLocation,taxi
Barbara's kite,AtLocation,grain
Patricia's bicycle,AtLocation,zoo
Sarah's handbag,AtLocation,glass_of_iced_tea
Susan's boat,AtLocation,dmoz
Mary's mouse,AtLocation,hamburger
Jennifer's person,AtLocation,restaurant
Thomas's boat,AtLocation,wardrobe
David's cow,AtLocation,sporting_event
James's mouse,AtLocation,nursery
Mary's bird,AtLocation,war
Karen's bench,AtLocation,research_laboratory
Joseph's giraffe,AtLocation,deadhead's_van
James's sink,AtLocation,cafe
Thomas's person,AtLocation,sea
Robert's book,AtLocation,cellar
Barbara's bird,AtLocation,catalog
Susan's horse,AtLocation,apartment
Patricia's bird,AtLocation,rug
Sarah's dog,AtLocation,mousehouse
Joseph's cow,AtLocation,cupboard
David's cat,AtLocation,most_rooms
Michael's horse,AtLocation,liquor_store
Joseph's bird,AtLocation,mousehouse
Joseph's keyboard,AtLocation,corn_field
Thomas's car,AtLocation,middle_of_eating_grass
Jessica's sports_ball,AtLocation,corn_field
Robert's mouse,AtLocation,pet_shop
Joseph's kite,AtLocation,apartment
Sarah's bed,AtLocation,fast_food_restaurant
Jennifer's cat,AtLocation,basement
Patricia's cat,AtLocation,pet_store
David's bicycle,AtLocation,seats
David's car,AtLocation,homewares_department
Joseph's mouse,AtLocation,briefcase
Sarah's cat,AtLocation,in_phoenix
Mary's chair,AtLocation,stall_in_barn
Patricia's cake,AtLocation,monkey's_hand
Sarah's dog,AtLocation,hobby_shop
James's toothbrush,AtLocation,porch
Patricia's giraffe,AtLocation,onstage_at_concert
Sarah's dog,AtLocation,fielf
Sarah's dog,AtLocation,catalog
William's cow,AtLocation,stomach
Sarah's mouse,AtLocation,fork_in_road
Richard's broccoli,AtLocation,hotel
Barbara's sink,AtLocation,hole_in_wall
Jessica's mouse,AtLocation,bus_depot
Charles's kite,AtLocation,car_dealership
David's car,AtLocation,chair
Barbara's cat,AtLocation,computer_store
Robert's tv,AtLocation,apple_pie
John's sports_ball,AtLocation,gateway_country
Robert's cow,AtLocation,sand_box
Joseph's boat,AtLocation,alley
Karen's frisbee,AtLocation,vet
Joseph's mouse,AtLocation,cutlery_drawer
James's spoon,AtLocation,wet_city
Susan's couch,AtLocation,grain
Barbara's mouse,AtLocation,computer_commercial
James's book,AtLocation,rest_area
Mary's hot_dog,AtLocation,pantry
Karen's cat,AtLocation,room
Richard's spoon,AtLocation,church
William's sandwich,AtLocation,barn
Mary's car,AtLocation,cat's_mouth
David's mouse,AtLocation,waiting_room
Mary's cat,AtLocation,gym_locker
Robert's horse,AtLocation,suitcase
James's horse,AtLocation,hospital_drug_storeroom
William's chair,AtLocation,pet_store
Sarah's horse,AtLocation,driveway
William's mouse,AtLocation,suitcase
Michael's horse,AtLocation,heat
Susan's cow,AtLocation,throat
Patricia's boat,AtLocation,country_field
John's book,AtLocation,great_outdoors
Patricia's mouse,AtLocation,scrapyard
Jennifer's hot_dog,AtLocation,arms
Sarah's sandwich,AtLocation,motel
Michael's bicycle,AtLocation,relatives_house
Mary's mouse,AtLocation,sports_arena
Charles's microwave,AtLocation,fiueld
Mary's potted_plant,AtLocation,quandry
William's oven,AtLocation,dogpound
David's bird,AtLocation,fridge
Linda's mouse,AtLocation,washing_up_bowl
Barbara's bottle,AtLocation,rest_area
Mary's bowl,AtLocation,living_room
David's dog,AtLocation,michigan
Jessica's toothbrush,AtLocation,knife_holder
Karen's person,AtLocation,kentucky_derby
Patricia's horse,AtLocation,ocean
Joseph's bottle,AtLocation,table
Sarah's mouse,AtLocation,plane
David's cow,AtLocation,serving_dish
Jennifer's chair,AtLocation,area_of_computer
Charles's elephant,AtLocation,kennel
Charles's chair,AtLocation,birthday_party
William's tv,AtLocation,hangar
David's tv,AtLocation,harbor
James's airplane,AtLocation,sports_bar
Sarah's bird,AtLocation,table_setting
Jennifer's handbag,AtLocation,arms
Sarah's cat,AtLocation,table_setting
Robert's cow,AtLocation,country
David's cow,AtLocation,john_wayne_movie
Karen's mouse,AtLocation,knife_store
Mary's mouse,AtLocation,friend's_house
Karen's couch,AtLocation,relatives_house
Joseph's book,AtLocation,arizona
Sarah's toothbrush,AtLocation,laundry_room
Michael's cake,AtLocation,fork_in_road
Barbara's clock,AtLocation,jacket_closet
William's dog,AtLocation,sand_box
Mary's cat,AtLocation,nest
John's sports_ball,AtLocation,zoo
Joseph's horse,AtLocation,back
Patricia's cat,AtLocation,central_park
Mary's dog,AtLocation,diaper_bag
David's boat,AtLocation,gymnasium
John's keyboard,AtLocation,frisbee_golf_course
Mary's cat,AtLocation,theater
Elizabeth's boat,AtLocation,dmoz
James's laptop,AtLocation,scrap_heap
Thomas's bear,AtLocation,sports_bar
Richard's car,AtLocation,desk
Joseph's sheep,AtLocation,hiding
John's book,AtLocation,car_show
Patricia's horse,AtLocation,grass
Thomas's book,AtLocation,dinner
Michael's cow,AtLocation,mousehouse
James's elephant,AtLocation,university
Robert's sink,AtLocation,backpack
Jennifer's dog,AtLocation,jacket_closet
Elizabeth's mouse,AtLocation,trailer
Linda's horse,AtLocation,bus_stop
David's fork,AtLocation,highway
Linda's car,AtLocation,sports_shop
Barbara's book,AtLocation,office_building
Jennifer's knife,AtLocation,hangar
Patricia's bed,AtLocation,beam_of_sunlight
Jessica's refrigerator,AtLocation,race_track
Jennifer's car,AtLocation,idaho
Michael's cat,AtLocation,book_club
Barbara's boat,AtLocation,cat_litter_tray
Sarah's tv,AtLocation,sea
Joseph's sports_ball,AtLocation,lunchbox
David's airplane,AtLocation,washing_up_bowl
Elizabeth's dog,AtLocation,tom_and_jerry_cartoon
John's vase,AtLocation,picture_book_of_horses
Robert's bird,AtLocation,laboratory
Charles's car,AtLocation,building
James's cat,AtLocation,fridge
Mary's book,AtLocation,grain
Thomas's keyboard,AtLocation,drink
Michael's bed,AtLocation,hands_of_teacher
John's person,AtLocation,antique_store
Mary's refrigerator,AtLocation,cat_box
David's chair,AtLocation,hanger
Jennifer's cat,AtLocation,medicine_cabinet
David's pizza,AtLocation,town
John's couch,AtLocation,porch
Jessica's bicycle,AtLocation,tourist_store
John's bicycle,AtLocation,chinese_resturant
Mary's toilet,AtLocation,terrarium
Karen's dog,AtLocation,hanger
Karen's tv,AtLocation,beam_of_sunlight
Barbara's cat,AtLocation,countryside
James's mouse,AtLocation,drink
Linda's book,AtLocation,phine_directory
David's spoon,AtLocation,onstage_at_concert
Karen's car,AtLocation,trap
Linda's sink,AtLocation,porch
David's book,AtLocation,shop
Robert's cow,AtLocation,car_dealership
Michael's cow,AtLocation,produce_section_of_supermarket
Mary's sports_ball,AtLocation,refrigerator
Richard's book,AtLocation,borden_commercial
Richard's person,AtLocation,beam_of_sunlight
Linda's fork,AtLocation,book_store
Jessica's dog,AtLocation,plate
Jessica's bus,AtLocation,hands_of_teacher
Thomas's bench,AtLocation,new_hampshire
Charles's elephant,AtLocation,fence
Charles's toilet,AtLocation,bathroom_cabinet
Joseph's refrigerator,AtLocation,kentucky_derby
Michael's spoon,AtLocation,plumbing_shop
Robert's cat,AtLocation,food
Jennifer's elephant,AtLocation,ranch
Sarah's bird,AtLocation,shed
Jessica's fork,AtLocation,iowa
Barbara's book,AtLocation,mousehouse
William's cat,AtLocation,wet_city
Robert's car,AtLocation,canada
Patricia's clock,AtLocation,fishing_boat
James's cat,AtLocation,land
Linda's bird,AtLocation,fiueld
John's mouse,AtLocation,artifact
Charles's car,AtLocation,school
Karen's fork,AtLocation,cartoon
Barbara's book,AtLocation,triatholon
Richard's toilet,AtLocation,equestrian_competition
Michael's horse,AtLocation,library_of_congress
James's cow,AtLocation,street_corner
Richard's book,AtLocation,cabinet
David's horse,AtLocation,car_dealership
Charles's refrigerator,AtLocation,sunbeam
John's knife,AtLocation,butcher's_when_dead
Barbara's dog,AtLocation,cat_box
Michael's frisbee,AtLocation,school
Charles's cat,AtLocation,porch
Jennifer's knife,AtLocation,back_yard
Barbara's horse,AtLocation,grain_silo
Barbara's cat,AtLocation,dog_house
Thomas's person,AtLocation,dog_owner's_home
John's mouse,AtLocation,red_barn
Jessica's apple,AtLocation,school
Jennifer's tv,AtLocation,zoo
David's mouse,AtLocation,hand
Patricia's mouse,AtLocation,nature
Jennifer's chair,AtLocation,cat_litter_tray
Patricia's horse,AtLocation,bookshelf
David's umbrella,AtLocation,toy_chest
Elizabeth's fork,AtLocation,branch_of_tree
Robert's chair,AtLocation,womens_department
Thomas's dog,AtLocation,chinese_resturant
Elizabeth's person,AtLocation,abandoned_houses
Elizabeth's toilet,AtLocation,music_store
Thomas's traffic_light,AtLocation,sand_box
Joseph's toilet,AtLocation,county_fair
Thomas's clock,AtLocation,heat
Sarah's bus,AtLocation,houseplant
Robert's bird,AtLocation,store
William's cake,AtLocation,housewares_store
Michael's teddy_bear,AtLocation,lab_maze
John's cake,AtLocation,small_hole
Patricia's boat,AtLocation,africa
Jessica's boat,AtLocation,motel
Linda's apple,AtLocation,terrarium
Sarah's mouse,AtLocation,hotel_room
Joseph's cup,AtLocation,cornfield
Jessica's mouse,AtLocation,comfortable_chair
Robert's horse,AtLocation,meat_grinder
Jennifer's couch,AtLocation,outside_in_pasture
Susan's toothbrush,AtLocation,home
Linda's bed,AtLocation,hanger
Jessica's toilet,AtLocation,gateway_country
Barbara's handbag,AtLocation,hamburger
Sarah's mouse,AtLocation,basement
Joseph's bicycle,AtLocation,milking_barn
Barbara's sink,AtLocation,milking_barn
Charles's bed,AtLocation,air
John's mouse,AtLocation,country
Jennifer's knife,AtLocation,terrarium
Robert's book,AtLocation,lake
Susan's stop_sign,AtLocation,den
Sarah's mouse,AtLocation,museum_store
Susan's dog,AtLocation,laundry_room
Sarah's elephant,AtLocation,sport
Karen's cow,AtLocation,sports_arena
William's vase,AtLocation,city
Michael's car,AtLocation,back
Elizabeth's cat,AtLocation,catalog
David's mouse,AtLocation,butcher_shop
David's mouse,AtLocation,backseat_of_car
Richard's bicycle,AtLocation,orchard
Richard's clock,AtLocation,family_room
William's vase,AtLocation,appliance_store
Robert's mouse,AtLocation,butcher's_when_dead
Linda's cup,AtLocation,store
John's chair,AtLocation,apple_pie
Linda's chair,AtLocation,packinglot
Richard's dog,AtLocation,loft
William's apple,AtLocation,stable_or_pasture
Karen's chair,AtLocation,milking_stall
Thomas's cat,AtLocation,discount_store
Mary's book,AtLocation,end_of_line
John's car,AtLocation,untensil_drawer
John's bird,AtLocation,bay
Jennifer's boat,AtLocation,back
Jessica's broccoli,AtLocation,birthday_party
Jennifer's car,AtLocation,grain_field
Jessica's couch,AtLocation,cat_box
Mary's car,AtLocation,car
Thomas's horse,AtLocation,department_store
Susan's cake,AtLocation,motel_room
Elizabeth's bottle,AtLocation,oven
James's cat,AtLocation,phine_directory
Karen's dog,AtLocation,pizza_place
Sarah's tv,AtLocation,michigan
Susan's mouse,AtLocation,livingroom
Linda's horse,AtLocation,sewer
Michael's book,AtLocation,leash
Linda's cat,AtLocation,cat's_mouth
William's sandwich,AtLocation,harbor
William's bowl,AtLocation,riding_stable
Sarah's cow,AtLocation,loosebox
Sarah's dog,AtLocation,feed_lot
Sarah's bicycle,AtLocation,wall
Michael's bear,AtLocation,appliance_store
Michael's cow,AtLocation,bed
Sarah's handbag,AtLocation,school
Michael's tv,AtLocation,dishwasher
Charles's dining_table,AtLocation,drink
Jessica's wine_glass,AtLocation,field_on_farm
Patricia's cup,AtLocation,town
Linda's bench,AtLocation,fiueld
Thomas's bowl,AtLocation,sport
Jennifer's cat,AtLocation,barn_field
Barbara's car,AtLocation,room_of_educated_person
Sarah's horse,AtLocation,great_outdoors
Karen's bird,AtLocation,stadium
Barbara's book,AtLocation,land
Robert's dog,AtLocation,barn
David's cat,AtLocation,diaper_bag
Thomas's elephant,AtLocation,hole
Jennifer's chair,AtLocation,briefcase
William's dog,AtLocation,bookshop
Karen's cat,AtLocation,piano
Karen's kite,AtLocation,street
Jennifer's book,AtLocation,deadhead's_van
Robert's kite,AtLocation,dugout
Jennifer's fire_hydrant,AtLocation,kitchen
Mary's bed,AtLocation,grain
Joseph's cup,AtLocation,kentucky_derby
Robert's car,AtLocation,classroom
Barbara's toilet,AtLocation,picture_book_of_horses
Thomas's motorcycle,AtLocation,classroom
Patricia's book,AtLocation,mousehouse
James's umbrella,AtLocation,backyard
Mary's car,AtLocation,birthday_party
Charles's bowl,AtLocation,living_room
Charles's cat,AtLocation,red_barn
Thomas's toothbrush,AtLocation,nest
Barbara's dog,AtLocation,kitchen_cabinet
Michael's airplane,AtLocation,bay
Joseph's fire_hydrant,AtLocation,horsebox
William's chair,AtLocation,racetrack
Charles's frisbee,AtLocation,pet_store
Elizabeth's bus,AtLocation,monkey's_hand
Mary's mouse,AtLocation,wardrobe
Thomas's mouse,AtLocation,plate
Linda's book,AtLocation,desktop
Karen's cat,AtLocation,great_outdoors
John's vase,AtLocation,motel
Richard's cow,AtLocation,state_fair
Elizabeth's bench,AtLocation,downstairs_closet
Richard's bicycle,AtLocation,cowbarn
Linda's keyboard,AtLocation,kitchen
Barbara's bottle,AtLocation,lobby
Susan's cat,AtLocation,napkin
Patricia's tv,AtLocation,farmer's_pasture
Robert's boat,AtLocation,waiting_room
Susan's knife,AtLocation,box
David's truck,AtLocation,mouth
John's bird,AtLocation,library
Charles's car,AtLocation,houseplant
Susan's cow,AtLocation,kennel
Jennifer's teddy_bear,AtLocation,red_barn
William's cup,AtLocation,netherlands
Susan's refrigerator,AtLocation,houseplant
Sarah's toilet,AtLocation,hotel_room
James's dog,AtLocation,small_hole
David's mouse,AtLocation,cat_litter_tray
Richard's cat,AtLocation,theater
Richard's fire_hydrant,AtLocation,motel_room
Robert's person,AtLocation,corner
Joseph's fork,AtLocation,plumbing_shop
Robert's tv,AtLocation,detroit
Elizabeth's bus,AtLocation,charlie_chaplin_film
Robert's spoon,AtLocation,a
Patricia's mouse,AtLocation,bookshelf
Richard's cat,AtLocation,antique_store
Thomas's dog,AtLocation,historical_photographs
Patricia's elephant,AtLocation,nature
Elizabeth's cat,AtLocation,shop
Susan's bowl,AtLocation,bookshelf
Jennifer's mouse,AtLocation,repair_shop
Michael's chair,AtLocation,state_fair
James's car,AtLocation,silverware_drawer
Joseph's handbag,AtLocation,movie
Patricia's bird,AtLocation,grain_bin
Barbara's tv,AtLocation,grain
Karen's knife,AtLocation,attic
Elizabeth's handbag,AtLocation,engraving
David's bottle,AtLocation,farm
Barbara's apple,AtLocation,lawn
Sarah's chair,AtLocation,slaughter_house
Jessica's bus,AtLocation,nursery
Patricia's boat,AtLocation,closet
Patricia's cat,AtLocation,airplane_hangar
David's cat,AtLocation,ocala_florida
Thomas's bottle,AtLocation,chinese_resturant
John's horse,AtLocation,petshop
Charles's sink,AtLocation,dentist_office
James's chair,AtLocation,cow_barn
Jennifer's car,AtLocation,sheath
Robert's clock,AtLocation,barn_field
David's mouse,AtLocation,dog_house
Sarah's clock,AtLocation,dishwasher
Richard's elephant,AtLocation,indiana
Joseph's oven,AtLocation,land
Joseph's bus,AtLocation,drink
Richard's cat,AtLocation,satchel
Thomas's car,AtLocation,air
Linda's car,AtLocation,book_store
Susan's toothbrush,AtLocation,pet_shop
James's boat,AtLocation,engraving
James's book,AtLocation,fair
Barbara's bus,AtLocation,friend's_house
William's elephant,AtLocation,racetrack
David's sink,AtLocation,livestock_market
Karen's bench,AtLocation,movie
James's couch,AtLocation,womens_department
Joseph's cow,AtLocation,appartments
Thomas's frisbee,AtLocation,stabbing_victim
Karen's tv,AtLocation,cat
Charles's keyboard,AtLocation,charlie_chaplin_film
Thomas's book,AtLocation,end_of_line
Linda's mouse,AtLocation,stabbing_victim
Jennifer's mouse,AtLocation,ex_husbands_back
Patricia's apple,AtLocation,use
Elizabeth's vase,AtLocation,parade
Thomas's bird,AtLocation,horse_box
Richard's apple,AtLocation,universe
Elizabeth's chair,AtLocation,hole_in_wall
Charles's chair,AtLocation,appliance_store
Susan's cat,AtLocation,office_building
Karen's truck,AtLocation,building
Jennifer's cat,AtLocation,horse_racetrack
Sarah's dog,AtLocation,cage
Michael's suitcase,AtLocation,neighbor's_house
James's cat,AtLocation,herd
Susan's cow,AtLocation,tokyo
Patricia's mouse,AtLocation,streets_of_india
Jessica's dog,AtLocation,knife_holder
Karen's horse,AtLocation,tourist_store
Karen's mouse,AtLocation,equestrian_competition
Charles's stop_sign,AtLocation,hiding
Charles's airplane,AtLocation,service_station
Michael's clock,AtLocation,soup
Barbara's handbag,AtLocation,grain
John's umbrella,AtLocation,wal_mart
Mary's bed,AtLocation,backseat_of_car
Thomas's horse,AtLocation,kennel
Mary's knife,AtLocation,dishwasher
Thomas's cow,AtLocation,library_of_congress
Thomas's sink,AtLocation,rainy_place
Charles's dog,AtLocation,parking_lot
Richard's hot_dog,AtLocation,dogs_mouth
William's fork,AtLocation,laundry_basket
Susan's cell_phone,AtLocation,knife_holder
Joseph's book,AtLocation,america
Robert's mouse,AtLocation,city
Karen's tv,AtLocation,loft
Jennifer's cat,AtLocation,persons_heart
Mary's cow,AtLocation,end_of_line
William's teddy_bear,AtLocation,silverware_drawer
James's cat,AtLocation,universe
Barbara's cow,AtLocation,throat
Charles's horse,AtLocation,shop
Thomas's tv,AtLocation,farmer's_pasture
Linda's cow,AtLocation,barn
Jennifer's spoon,AtLocation,cabinet
Jennifer's dog,AtLocation,dentist
Robert's keyboard,AtLocation,stack
Sarah's clock,AtLocation,apple_orchard
Sarah's car,AtLocation,ex_husbands_back
Richard's person,AtLocation,finger
Mary's apple,AtLocation,nature
Joseph's cat,AtLocation,knife_block
Jessica's umbrella,AtLocation,stadium
Barbara's apple,AtLocation,car_park
Patricia's airplane,AtLocation,living_room
Susan's fork,AtLocation,most_rooms
Charles's knife,AtLocation,formal_dining_room
David's chair,AtLocation,cavalry
Jessica's couch,AtLocation,michigan
David's knife,AtLocation,bookcase
Charles's cat,AtLocation,streets_of_india
Michael's cake,AtLocation,seattle
Barbara's skis,AtLocation,river
William's mouse,AtLocation,dog_house
Thomas's chair,AtLocation,plate
Jessica's banana,AtLocation,stove
David's toilet,AtLocation,dogs_mouth
Mary's fork,AtLocation,pocket
John's chair,AtLocation,apple_pie
Joseph's boat,AtLocation,dairy_farm
Patricia's mouse,AtLocation,bay
Joseph's car,AtLocation,houseplant
Charles's cat,AtLocation,table_setting
Linda's apple,AtLocation,cornfield
Mary's sandwich,AtLocation,field_romping
Patricia's cat,AtLocation,hangar
Thomas's cow,AtLocation,sports_shop
Sarah's chair,AtLocation,wet_city
Charles's horse,AtLocation,disneyland
Elizabeth's horse,AtLocation,college_store
Michael's fork,AtLocation,kentucky_derby
Barbara's laptop,AtLocation,disneyland
Robert's cow,AtLocation,cat
Sarah's bird,AtLocation,book_club
Sarah's cup,AtLocation,fielf
Karen's bicycle,AtLocation,service_station
John's umbrella,AtLocation,area_of_computer
Barbara's cow,AtLocation,sea
Richard's bed,AtLocation,chinese_resturant
Susan's car,AtLocation,triatholon
Michael's keyboard,AtLocation,bed
Jennifer's bowl,AtLocation,hamburger_meat
Susan's bench,AtLocation,indiana
Charles's traffic_light,AtLocation,antique_store
Linda's keyboard,AtLocation,silverware_drawer
Robert's book,AtLocation,horsebox
William's horse,AtLocation,train_station
William's book,AtLocation,idaho
Richard's sheep,AtLocation,cafeteria
Mary's cow,AtLocation,central_park
Linda's cow,AtLocation,fair
Sarah's banana,AtLocation,use
Elizabeth's toilet,AtLocation,horsebox
William's cat,AtLocation,refrigerator
Mary's bird,AtLocation,synagogue
David's toilet,AtLocation,kentucky_derby
John's bench,AtLocation,dog_owner's_home
Barbara's oven,AtLocation,scrapyard
Mary's horse,AtLocation,drug_store
David's book,AtLocation,bush
Mary's bicycle,AtLocation,school
Robert's toothbrush,AtLocation,swamp
James's cow,AtLocation,sporting_event
Elizabeth's kite,AtLocation,washing_up_bowl
Thomas's knife,AtLocation,jacket_closet
Richard's apple,AtLocation,parking_garage
David's cup,AtLocation,branch_of_tree
Sarah's horse,AtLocation,appliance_store
David's umbrella,AtLocation,herd
Barbara's spoon,AtLocation,pound
John's bed,AtLocation,streets_of_india
William's tv,AtLocation,kentucky
Karen's dog,AtLocation,bookcase
Linda's mouse,AtLocation,africa
Linda's bottle,AtLocation,doghouse
Jennifer's couch,AtLocation,war
Linda's chair,AtLocation,artifact
Barbara's car,AtLocation,pet_shop
Jennifer's fork,AtLocation,state_fair
James's horse,AtLocation,michigan
Robert's cake,AtLocation,swamp
Jessica's bird,AtLocation,bay
Richard's apple,AtLocation,engraving
Patricia's cat,AtLocation,history
James's mouse,AtLocation,toffee_apple
Mary's book,AtLocation,attic
Susan's keyboard,AtLocation,bicycle_shop
Richard's cow,AtLocation,kennel
James's cup,AtLocation,satchel
James's spoon,AtLocation,outside_in_pasture
Joseph's pizza,AtLocation,doghouse
Joseph's horse,AtLocation,animal_shops
Patricia's mouse,AtLocation,loft
Charles's keyboard,AtLocation,room_of_educated_person
William's dog,AtLocation,ocala_florida
Michael's umbrella,AtLocation,tokyo
Jennifer's bowl,AtLocation,classroom
Susan's cow,AtLocation,drawer_in_kitchen
Sarah's fork,AtLocation,childs_sand_box
Charles's fork,AtLocation,chair
David's car,AtLocation,desk
John's mouse,AtLocation,demonstration
Robert's boat,AtLocation,kitchen_or_bathroom
Charles's horse,AtLocation,drawer
Charles's bicycle,AtLocation,gymnasium
Elizabeth's horse,AtLocation,pantry
Susan's chair,AtLocation,bookshelf
Karen's chair,AtLocation,dairy_farm
Susan's person,AtLocation,cabinet
Mary's sheep,AtLocation,cake_tin
Linda's chair,AtLocation,deadhead's_van
William's horse,AtLocation,book_store
Mary's spoon,AtLocation,alley
Barbara's cup,AtLocation,woman's_hand
Patricia's knife,AtLocation,music_store
Richard's fork,AtLocation,lawn
David's handbag,AtLocation,it's_kennel
Jennifer's cat,AtLocation,bicycle_shop
James's chair,AtLocation,circus
Joseph's dining_table,AtLocation,lab
Joseph's dog,AtLocation,farm
William's mouse,AtLocation,land
Richard's oven,AtLocation,drawer
James's vase,AtLocation,cutlery_drawer
Sarah's cake,AtLocation,bus_stop
Susan's mouse,AtLocation,water_cooler
David's vase,AtLocation,plane
Michael's sink,AtLocation,sky
Patricia's cat,AtLocation,department_store
Robert's cow,AtLocation,livingroom
Jennifer's skis,AtLocation,country
Thomas's toothbrush,AtLocation,cartoon
Jessica's chair,AtLocation,barn_or_racing_track
Karen's clock,AtLocation,doghouse
Robert's mouse,AtLocation,tokyo
Karen's scissors,AtLocation,ex_husbands_back
Robert's dog,AtLocation,koppel
Michael's horse,AtLocation,hamburger_meat
James's bowl,AtLocation,back
Robert's horse,AtLocation,box
Michael's cup,AtLocation,appartments
Linda's bird,AtLocation,hole
Elizabeth's bus,AtLocation,trailer
Jennifer's boat,AtLocation,park
Michael's mouse,AtLocation,back
Jessica's sports_ball,AtLocation,birdbath
Thomas's cat,AtLocation,food
Barbara's horse,AtLocation,backpack
William's cake,AtLocation,bay
Richard's car,AtLocation,great_outdoors
James's knife,AtLocation,freeway
Charles's chair,AtLocation,cat_box
Linda's mouse,AtLocation,plane
Michael's mouse,AtLocation,middle_of_eating_grass
Susan's horse,AtLocation,tokyo
Thomas's clock,AtLocation,michaels_hand
Karen's bench,AtLocation,nest
Karen's mouse,AtLocation,stable
William's cow,AtLocation,petshop
Linda's bicycle,AtLocation,pizza_place
Michael's mouse,AtLocation,hand
Susan's car,AtLocation,movie
Karen's cat,AtLocation,farmyard
Michael's mouse,AtLocation,doghouse
Charles's knife,AtLocation,engraving
Michael's mouse,AtLocation,spain
Michael's umbrella,AtLocation,child's_hand
Barbara's cow,AtLocation,pound
Richard's horse,AtLocation,room_of_educated_person
Karen's person,AtLocation,pantry
Richard's cow,AtLocation,soccer_game
Thomas's person,AtLocation,knife_block
Susan's mouse,AtLocation,basement
Richard's car,AtLocation,use
Patricia's bicycle,AtLocation,roof
Linda's chair,AtLocation,sand_box
Charles's horse,AtLocation,liquor_store
David's teddy_bear,AtLocation,branch_of_tree
Robert's toothbrush,AtLocation,bed
Jessica's bed,AtLocation,soup
Barbara's person,AtLocation,sink
Richard's mouse,AtLocation,university
Barbara's bench,AtLocation,pile_of_books
Mary's keyboard,AtLocation,history
Joseph's cow,AtLocation,bedside_table
James's bus,AtLocation,harbor
James's sink,AtLocation,dog_owner's_home
John's horse,AtLocation,office
Michael's cat,AtLocation,pocket
Sarah's couch,AtLocation,satchel
Barbara's cow,AtLocation,historical_photographs
William's cat,AtLocation,hobby_shop
John's cell_phone,AtLocation,corn_field
Susan's horse,AtLocation,computer_lab
John's book,AtLocation,bush
Michael's toilet,AtLocation,street
Thomas's dog,AtLocation,tourist_store
Joseph's toothbrush,AtLocation,movie
Elizabeth's cat,AtLocation,cowbarn
Charles's cow,AtLocation,triatholon
Thomas's horse,AtLocation,fenced_in_area
Elizabeth's knife,AtLocation,freeway
Robert's person,AtLocation,cat_lover's_lap
Michael's umbrella,AtLocation,pizza_place
David's spoon,AtLocation,universe
Robert's car,AtLocation,own_home
Charles's mouse,AtLocation,end_of_line
Patricia's horse,AtLocation,sewer
Mary's book,AtLocation,street
Linda's sink,AtLocation,terrarium
Michael's cup,AtLocation,driveway
Michael's chair,AtLocation,hanger
Robert's mouse,AtLocation,hospital
James's mouse,AtLocation,apple_orchard
William's knife,AtLocation,barn
David's bench,AtLocation,home
Mary's zebra,AtLocation,book_club
Patricia's book,AtLocation,farm
Elizabeth's cake,AtLocation,horse_box
Karen's clock,AtLocation,hiding
Thomas's knife,AtLocation,stall_in_barn
John's chair,AtLocation,cartoon
Patricia's mouse,AtLocation,dentist_office
Mary's bed,AtLocation,school
David's horse,AtLocation,family_room
Michael's cup,AtLocation,monkey's_hand
Jennifer's car,AtLocation,lobby
Jennifer's cat,AtLocation,bowl_of_soup
Elizabeth's book,AtLocation,internet_cafe
Thomas's horse,AtLocation,bicycle_shop
Jennifer's cup,AtLocation,garden
Barbara's dining_table,AtLocation,spain
Linda's chair,AtLocation,pound
David's horse,AtLocation,shop
Michael's mouse,AtLocation,birdbath
William's book,AtLocation,driveway
Robert's clock,AtLocation,laundry_basket
David's person,AtLocation,onstage_at_concert
Michael's truck,AtLocation,barn_or_racing_track
Linda's dog,AtLocation,shed
Sarah's spoon,AtLocation,disneyland
Barbara's cat,AtLocation,kitchen_or_bathroom
Sarah's couch,AtLocation,hiding
Elizabeth's keyboard,AtLocation,furniture_store
David's umbrella,AtLocation,medicine_cabinet
Karen's mouse,AtLocation,corral
Jennifer's mouse,AtLocation,museum_store
Patricia's car,AtLocation,counter
Karen's book,AtLocation,lake
James's tv,AtLocation,canada
William's bench,AtLocation,horse_racetrack
Barbara's sink,AtLocation,food
Barbara's clock,AtLocation,barn
Michael's car,AtLocation,fair
Linda's fork,AtLocation,city
Elizabeth's knife,AtLocation,soup
Robert's bear,AtLocation,piano
John's sports_ball,AtLocation,medicine_cabinet
Thomas's sink,AtLocation,greengrocer
Mary's cat,AtLocation,service_station
James's car,AtLocation,ground
Susan's apple,AtLocation,liquor_store
Sarah's dog,AtLocation,sewer
Sarah's truck,AtLocation,fairgrounds
Joseph's bed,AtLocation,lab_maze
Mary's chair,AtLocation,piano
Susan's stop_sign,AtLocation,cash's_room
Susan's cup,AtLocation,own_bedroom
Karen's bird,AtLocation,paddock
Michael's horse,AtLocation,baseball_game
Linda's bench,AtLocation,research_laboratory
Joseph's sports_ball,AtLocation,wall
Barbara's elephant,AtLocation,porch
Patricia's horse,AtLocation,livingroom
Jennifer's mouse,AtLocation,stable
William's toilet,AtLocation,book_store
Jessica's mouse,AtLocation,michaels_hand
Karen's clock,AtLocation,middle_of_eating_grass
Robert's horse,AtLocation,highway
James's horse,AtLocation,driveway
David's clock,AtLocation,laundry_basket
Susan's bed,AtLocation,bedside_table
Barbara's motorcycle,AtLocation,sporting_event
Barbara's bowl,AtLocation,hamburger_meat
David's toilet,AtLocation,cat's_mouth
John's cow,AtLocation,dog_house
Barbara's scissors,AtLocation,woman's_closet
Mary's microwave,AtLocation,garden
Joseph's book,AtLocation,barn_full_of_grain
Mary's sports_ball,AtLocation,military_base
Thomas's cow,AtLocation,birthday_party
Robert's cow,AtLocation,persons_heart
Susan's car,AtLocation,soup
Joseph's umbrella,AtLocation,middle_of_eating_grass
Jessica's boat,AtLocation,school_room
Jennifer's cake,AtLocation,sport
Jennifer's car,AtLocation,fiueld
Joseph's clock,AtLocation,drug_store
John's clock,AtLocation,oven
Elizabeth's tv,AtLocation,baggage_compartment
Elizabeth's cat,AtLocation,spain
Sarah's mouse,AtLocation,bus_station
Elizabeth's book,AtLocation,throat
John's toilet,AtLocation,lower_brances_of_tree
Barbara's cat,AtLocation,trailer
Elizabeth's bus,AtLocation,roof
Mary's vase,AtLocation,new_york
Michael's cow,AtLocation,soccer_game
Barbara's toothbrush,AtLocation,a
James's toilet,AtLocation,room
Michael's fork,AtLocation,butcher_shop
Jennifer's mouse,AtLocation,oven
Linda's cat,AtLocation,cabinet
Robert's bed,AtLocation,hangar
Jessica's boat,AtLocation,kitchen_or_bathroom
Jessica's sink,AtLocation,diaper_bag
James's horse,AtLocation,formal_dining_room
John's cow,AtLocation,loft
Karen's cow,AtLocation,hand
Karen's bicycle,AtLocation,chemistry_lab
Charles's cow,AtLocation,circus
Susan's cat,AtLocation,party
Jessica's bed,AtLocation,table_setting
Richard's cow,AtLocation,downstairs_closet
Elizabeth's horse,AtLocation,dishwasher
Mary's spoon,AtLocation,livestock_market
Patricia's bed,AtLocation,shelf
Robert's chair,AtLocation,triatholon
Joseph's mouse,AtLocation,parking_lot
Elizabeth's airplane,AtLocation,dmoz
Mary's car,AtLocation,university
Jessica's boat,AtLocation,water_cooler
Karen's person,AtLocation,warm_place
Karen's car,AtLocation,ground
Barbara's mouse,AtLocation,produce_section_of_supermarket
Patricia's car,AtLocation,umbrella_stand
Elizabeth's boat,AtLocation,fairy_tale
Michael's pizza,AtLocation,beach
Michael's pizza,AtLocation,luggage_store
Joseph's umbrella,AtLocation,airplane
James's toothbrush,AtLocation,mousehouse
Mary's cat,AtLocation,iowa
Patricia's book,AtLocation,garage
Charles's book,AtLocation,stall_in_barn
Jessica's boat,AtLocation,bowl_of_soup
Susan's teddy_bear,AtLocation,stomach
Patricia's bird,AtLocation,dinner
Michael's horse,AtLocation,baggage_compartment
Robert's scissors,AtLocation,field_or_stable_or_mcdonalds
David's handbag,AtLocation,toy_store
Barbara's horse,AtLocation,land
William's spoon,AtLocation,backpack
Linda's cat,AtLocation,a
Michael's cow,AtLocation,plane
Thomas's keyboard,AtLocation,lawn
Karen's chair,AtLocation,sporting_event
Richard's kite,AtLocation,fast_food_restaurant
Richard's person,AtLocation,book_bag
Michael's mouse,AtLocation,street
Jennifer's book,AtLocation,dentist_office
Richard's cat,AtLocation,suitcase
Elizabeth's keyboard,AtLocation,apple_orchard
Richard's bowl,AtLocation,corner_of_two_streets
Mary's cup,AtLocation,grocery_store
Michael's suitcase,AtLocation,pizza_store
Linda's horse,AtLocation,medicine_cabinet
Robert's book,AtLocation,fridge
Sarah's dog,AtLocation,nature
Michael's bottle,AtLocation,downstairs_closet
Elizabeth's chair,AtLocation,garden
Elizabeth's book,AtLocation,ground
Sarah's cow,AtLocation,laboratory
Susan's refrigerator,AtLocation,closet
William's cake,AtLocation,own_bedroom
Barbara's cake,AtLocation,cash's_room
James's car,AtLocation,home
Susan's bicycle,AtLocation,bus_station
Robert's bear,AtLocation,cellar
Jessica's toothbrush,AtLocation,laundry_basket
Linda's sink,AtLocation,food
Sarah's boat,AtLocation,stadium
Barbara's mouse,AtLocation,vet
Susan's horse,AtLocation,feed_lot
David's bird,AtLocation,stack
Sarah's person,AtLocation,grain_field
David's book,AtLocation,cafeteria
William's mouse,AtLocation,swamp
Michael's cat,AtLocation,pantry
Jennifer's knife,AtLocation,bowl
Karen's dog,AtLocation,briefcase
Karen's dog,AtLocation,airplane_hangar
Mary's cat,AtLocation,barn_or_racing_track
Susan's cup,AtLocation,old_barn
Jennifer's refrigerator,AtLocation,alleyway
Linda's sink,AtLocation,bush
Karen's motorcycle,AtLocation,race_track
Joseph's couch,AtLocation,theatre
Thomas's horse,AtLocation,hospital
Jennifer's apple,AtLocation,outside
Mary's kite,AtLocation,gym
Charles's book,AtLocation,building
Elizabeth's cow,AtLocation,bathroom_cabinet
William's book,AtLocation,bus_depot
William's cat,AtLocation,ocean
Linda's tv,AtLocation,slaughter_house
Karen's bowl,AtLocation,grain_bin
Susan's couch,AtLocation,street
Charles's bed,AtLocation,harbor
Jessica's cow,AtLocation,tom_and_jerry_cartoon
Mary's fork,AtLocation,sewer
Jessica's fork,AtLocation,picture_book_of_horses
Richard's bicycle,AtLocation,monkey's_hand
Richard's clock,AtLocation,grazing_field
Richard's bowl,AtLocation,napkin
Karen's toothbrush,AtLocation,cat_litter_tray
Charles's bicycle,AtLocation,hanger
Patricia's apple,AtLocation,internet_cafe
William's cow,AtLocation,grazing_field
David's cat,AtLocation,landfill
Susan's dog,AtLocation,sport
Jessica's cat,AtLocation,hands_of_teacher
Mary's mouse,AtLocation,food
Michael's person,AtLocation,farmer's_pasture
Patricia's car,AtLocation,computer_store
Jessica's fork,AtLocation,cavalry
Barbara's couch,AtLocation,grazing_field
Sarah's spoon,AtLocation,monkey's_hand
Sarah's mouse,AtLocation,air
Linda's traffic_light,AtLocation,loft
Jessica's spoon,AtLocation,housewares_store
Charles's horse,AtLocation,refigerator
Linda's spoon,AtLocation,cornfield
James's mouse,AtLocation,porch
Susan's mouse,AtLocation,idaho
Michael's cat,AtLocation,cutlery_draw
James's cat,AtLocation,glass_of_iced_tea
Jennifer's tv,AtLocation,waiting_room
William's bed,AtLocation,laboratory
Robert's book,AtLocation,loft
Robert's couch,AtLocation,field
Richard's mouse,AtLocation,apple_tree
Thomas's boat,AtLocation,area_of_computer
David's bottle,AtLocation,horsebox
Charles's mouse,AtLocation,plane
Thomas's cat,AtLocation,field_on_farm
William's bird,AtLocation,book_club
Robert's bottle,AtLocation,lower_brances_of_tree
Charles's knife,AtLocation,horse_racetrack
Richard's chair,AtLocation,zoo
Jessica's cow,AtLocation,petshop
Robert's clock,AtLocation,basement
Patricia's knife,AtLocation,bus_stop
Elizabeth's bench,AtLocation,red_barn
Michael's sandwich,AtLocation,refigerator
Karen's cup,AtLocation,stove
Jessica's person,AtLocation,river
Joseph's boat,AtLocation,sea
Jessica's horse,AtLocation,dentist
Jennifer's dog,AtLocation,historical_photographs
Joseph's kite,AtLocation,jacket_closet
Susan's mouse,AtLocation,basement
Charles's motorcycle,AtLocation,kentucky
Robert's elephant,AtLocation,toffee_apple
Jennifer's sink,AtLocation,motel_room
Jennifer's zebra,AtLocation,beach
Linda's cow,AtLocation,country
Mary's chair,AtLocation,hole
Jessica's bed,AtLocation,nest
Robert's horse,AtLocation,residence
James's cat,AtLocation,own_bedroom
Thomas's cow,AtLocation,womens_department
Richard's book,AtLocation,paddock
Karen's apple,AtLocation,baseball_game
Elizabeth's bowl,AtLocation,persons_heart
Joseph's kite,AtLocation,new_hampshire
Patricia's dog,AtLocation,koppel
Sarah's bicycle,AtLocation,show
Jessica's tv,AtLocation,loosebox
Karen's mouse,AtLocation,doghouse
Richard's bed,AtLocation,mousehouse
Richard's chair,AtLocation,backpack
Charles's spoon,AtLocation,trailer
Elizabeth's pizza,AtLocation,fairgrounds
David's mouse,AtLocation,knife_block
John's horse,AtLocation,sea
David's bird,AtLocation,airplane_hangar
David's chair,AtLocation,hobby_shop
Susan's book,AtLocation,hanger
Michael's cat,AtLocation,train_station
Jennifer's couch,AtLocation,hobby_shop
Robert's mouse,AtLocation,livingroom
Linda's apple,AtLocation,end_of_line
Thomas's traffic_light,AtLocation,grainery
Jessica's couch,AtLocation,farmer's_market
Thomas's cup,AtLocation,womens_department
William's bench,AtLocation,show
David's sports_ball,AtLocation,dinner
Sarah's cat,AtLocation,detroit
Thomas's couch,AtLocation,car_show
James's dog,AtLocation,appliance_store
Mary's chair,AtLocation,piano
Elizabeth's bus,AtLocation,middle_of_eating_grass
William's dog,AtLocation,riding_stable
Robert's cat,AtLocation,ranch
William's dog,AtLocation,service_station
Mary's suitcase,AtLocation,library
Karen's motorcycle,AtLocation,cream
Robert's cat,AtLocation,baggage_compartment
Karen's horse,AtLocation,nest
Charles's bird,AtLocation,hole_in_wall
Barbara's airplane,AtLocation,loosebox
Sarah's scissors,AtLocation,cargo_hold
Jessica's horse,AtLocation,livingroom
Patricia's mouse,AtLocation,back_yard
John's cell_phone,AtLocation,outside
Mary's potted_plant,AtLocation,diaper_bag
Susan's car,AtLocation,soccer_game
Joseph's mouse,AtLocation,repair_shop
David's tv,AtLocation,napkin
Susan's mouse,AtLocation,apartment
John's cat,AtLocation,desk
Susan's dog,AtLocation,horses_mouth
David's cow,AtLocation,bathroom_and_kitchen
Linda's oven,AtLocation,bowl
Jessica's dog,AtLocation,india
Jessica's cat,AtLocation,baseball_game
Jennifer's spoon,AtLocation,state_park
John's chair,AtLocation,service_station
Patricia's bird,AtLocation,den
Joseph's cat,AtLocation,county_fair
Richard's cat,AtLocation,branch_of_tree
Mary's cow,AtLocation,dentist
Mary's frisbee,AtLocation,stove
Patricia's bed,AtLocation,cow_pasture
Charles's apple,AtLocation,alley
Richard's mouse,AtLocation,residence
Karen's bus,AtLocation,book_club
Susan's boat,AtLocation,monkey's_hand
Barbara's teddy_bear,AtLocation,cat
Jessica's bed,AtLocation,trash
James's boat,AtLocation,medicine_cabinet
Michael's scissors,AtLocation,research_laboratory
Patricia's stop_sign,AtLocation,cafe
Elizabeth's cat,AtLocation,outside_in_pasture
Joseph's mouse,AtLocation,hand
Karen's car,AtLocation,field_or_stable_or_mcdonalds
Karen's handbag,AtLocation,small_hole
Joseph's bowl,AtLocation,cat
Robert's book,AtLocation,cream
Mary's toilet,AtLocation,seattle
Jennifer's bicycle,AtLocation,pizza_place
Michael's knife,AtLocation,corner_of_two_streets
Jennifer's toilet,AtLocation,horses_mouth
Thomas's cup,AtLocation,cat_litter_tray
Jessica's sports_ball,AtLocation,silverware_drawer
Charles's dog,AtLocation,kitchen_cabinet
James's boat,AtLocation,street_corner
Susan's mouse,AtLocation,apple_pie
Patricia's horse,AtLocation,fairgrounds
Susan's hot_dog,AtLocation,bathroom_cabinet
Susan's cat,AtLocation,butcher's_when_dead
Elizabeth's couch,AtLocation,michigan
Barbara's chair,AtLocation,wardrobe
Robert's mouse,AtLocation,sporting_event
Charles's cow,AtLocation,cafeteria
Richard's bench,AtLocation,stable
Mary's horse,AtLocation,house
Susan's horse,AtLocation,road
John's bird,AtLocation,grain
Michael's boat,AtLocation,school_room
David's mouse,AtLocation,food
Jessica's kite,AtLocation,cornfield
Jessica's bench,AtLocation,oven
James's book,AtLocation,gymnasium
John's spoon,AtLocation,rainy_place
Richard's clock,AtLocation,nursery
Richard's mouse,AtLocation,car_show
Linda's mouse,AtLocation,classroom
Michael's cat,AtLocation,loft
Richard's umbrella,AtLocation,refrigerator
Jessica's fork,AtLocation,stadium
Linda's apple,AtLocation,fairy_tale
John's umbrella,AtLocation,backpack
William's chair,AtLocation,ocean
James's horse,AtLocation,cubicle
Elizabeth's umbrella,AtLocation,roof
Mary's horse,AtLocation,sport
Robert's mouse,AtLocation,bookcase
John's mouse,AtLocation,back_yard
John's dog,AtLocation,car_show
Robert's chair,AtLocation,highway
David's clock,AtLocation,front_door
Thomas's cat,AtLocation,disneyland
Jessica's car,AtLocation,home
John's bird,AtLocation,resturant
Sarah's bowl,AtLocation,western_movie
Joseph's bird,AtLocation,road
Thomas's mouse,AtLocation,use
Linda's clock,AtLocation,kitchen_or_bathroom
Jennifer's sink,AtLocation,corner
Elizabeth's cake,AtLocation,fiueld
Jennifer's airplane,AtLocation,pasture_grazing
Linda's book,AtLocation,plate
Mary's bird,AtLocation,formal_dining_room
James's mouse,AtLocation,cubboard
Jennifer's cat,AtLocation,butcher's_when_dead
Michael's person,AtLocation,kitchen_drawer
Jessica's teddy_bear,AtLocation,supermarket
James's cow,AtLocation,ground
Karen's keyboard,AtLocation,airport
John's car,AtLocation,desktop
Sarah's book,AtLocation,waiting_room
Robert's sports_ball,AtLocation,show
John's bench,AtLocation,hands_of_student
Patricia's apple,AtLocation,floor
Susan's cow,AtLocation,parking_lot
Michael's book,AtLocation,dogs_mouth
Charles's bench,AtLocation,zoo
Charles's book,AtLocation,kitchen_drawer
Karen's car,AtLocation,pasture_grazing
John's horse,AtLocation,woman's_closet
Charles's bowl,AtLocation,arms
Elizabeth's car,AtLocation,bedside_table
Jennifer's clock,AtLocation,universe
Jennifer's vase,AtLocation,kitchen_or_bathroom
James's car,AtLocation,nursery
Barbara's car,AtLocation,farmer's_pasture
David's bowl,AtLocation,woman's_closet
Jessica's horse,AtLocation,grocery_store
Joseph's cow,AtLocation,motel_room
William's book,AtLocation,opera
Jennifer's knife,AtLocation,stove
Jessica's cow,AtLocation,equestrian_competition
Charles's teddy_bear,AtLocation,cutlery_drawer
William's car,AtLocation,cupboard
Charles's tv,AtLocation,sink
Patricia's airplane,AtLocation,belly
James's person,AtLocation,cow_barn
Jessica's motorcycle,AtLocation,outdoors
Jessica's sheep,AtLocation,lunchbox
William's car,AtLocation,hiding
Michael's cat,AtLocation,schoolyard
Robert's person,AtLocation,park
James's mouse,AtLocation,riding_stable
Sarah's cow,AtLocation,couch
Karen's fork,AtLocation,refrigerator
Jennifer's pizza,AtLocation,parade
Jessica's mouse,AtLocation,meat_grinder
Jessica's mouse,AtLocation,school_room
John's cat,AtLocation,charlie_chaplin_film
Charles's couch,AtLocation,kennel
Richard's cow,AtLocation,esquestrian_event
Patricia's cat,AtLocation,parking_garage
Richard's cat,AtLocation,dogpound
Linda's dog,AtLocation,lake
Susan's cat,AtLocation,airplane_hangar
William's train,AtLocation,parade
David's mouse,AtLocation,airplane
David's clock,AtLocation,sports_store
Joseph's clock,AtLocation,barn_field
Karen's chair,AtLocation,glass_of_iced_tea
Thomas's chair,AtLocation,belly
Richard's mouse,AtLocation,kentucky_derby
Michael's mouse,AtLocation,big_cities
David's clock,AtLocation,persons_heart
Sarah's fire_hydrant,AtLocation,hand
Robert's dog,AtLocation,farm
Jessica's keyboard,AtLocation,computer
Elizabeth's cat,AtLocation,rainy_place
Jessica's cat,AtLocation,department_store
John's apple,AtLocation,countryside
Charles's cow,AtLocation,chair
John's mouse,AtLocation,apple_tree
Thomas's bus,AtLocation,antique_store
Michael's cup,AtLocation,museum_store
Richard's book,AtLocation,backyard
Sarah's frisbee,AtLocation,washing_up_bowl
Barbara's car,AtLocation,michigan
Mary's chair,AtLocation,outside
Patricia's cake,AtLocation,tom_and_jerry_cartoon
William's sink,AtLocation,stabile
Joseph's toothbrush,AtLocation,comfortable_chair
Michael's book,AtLocation,wet_city
Charles's bicycle,AtLocation,military_base
Karen's cow,AtLocation,nursery
John's horse,AtLocation,bookshop
Richard's scissors,AtLocation,plumbing_shop
Mary's toilet,AtLocation,woman's_hand
Barbara's motorcycle,AtLocation,bookshelves
Elizabeth's oven,AtLocation,bay
Mary's airplane,AtLocation,store_at_beach
Karen's elephant,AtLocation,monkey's_hand
Charles's scissors,AtLocation,box
Sarah's car,AtLocation,finger
William's dog,AtLocation,sand_box
Sarah's couch,AtLocation,toy_chest
Sarah's dog,AtLocation,old_barn
Patricia's mouse,AtLocation,library_of_congress
Mary's cat,AtLocation,sky
Linda's mouse,AtLocation,catalog
David's clock,AtLocation,tourist_store
James's tv,AtLocation,book_bag
Mary's mouse,AtLocation,picture_book_of_horses
Joseph's mouse,AtLocation,catalog
Joseph's sink,AtLocation,county_fair
Linda's teddy_bear,AtLocation,dinner
Thomas's airplane,AtLocation,history
Patricia's horse,AtLocation,oven
William's cake,AtLocation,warm_place
Mary's stop_sign,AtLocation,bart_simpson's_lines
Barbara's dog,AtLocation,ocala_florida
Elizabeth's spoon,AtLocation,hanger
Elizabeth's cat,AtLocation,use
Patricia's fork,AtLocation,demonstration
Charles's chair,AtLocation,school
Barbara's spoon,AtLocation,great_outdoors
Jessica's bus,AtLocation,phine_directory
Michael's umbrella,AtLocation,trailer
David's car,AtLocation,school_room
Karen's toilet,AtLocation,school_room
John's dog,AtLocation,drink
Thomas's stop_sign,AtLocation,cow_pasture
William's chair,AtLocation,car
Jessica's toothbrush,AtLocation,seats
Richard's vase,AtLocation,barnyard
Thomas's bus,AtLocation,demonstration
John's cat,AtLocation,scrapyard
John's bird,AtLocation,baggage_compartment
James's handbag,AtLocation,floor
Susan's horse,AtLocation,fork_in_road
James's fork,AtLocation,engraving
Sarah's airplane,AtLocation,bag
Sarah's cat,AtLocation,cowbarn
Jennifer's book,AtLocation,woman's_closet
Sarah's mouse,AtLocation,soup
Richard's fork,AtLocation,cubicle
Robert's book,AtLocation,cat_box
Jessica's cat,AtLocation,gymnasium
Thomas's dog,AtLocation,barn_full_of_grain
Jessica's cat,AtLocation,hotel
Jessica's mouse,AtLocation,wal_mart
Barbara's bed,AtLocation,childs_sand_box
William's cat,AtLocation,motel_room
Patricia's cat,AtLocation,fridge
Jennifer's boat,AtLocation,cat_box
Joseph's mouse,AtLocation,office_building
Sarah's spoon,AtLocation,hotel
Charles's mouse,AtLocation,birthday_party
William's mouse,AtLocation,bush
Elizabeth's bird,AtLocation,koppel
Susan's vase,AtLocation,school
Susan's person,AtLocation,greengrocer
John's bus,AtLocation,comfortable_chair
Jennifer's dog,AtLocation,mouth
Patricia's bench,AtLocation,office
Susan's potted_plant,AtLocation,birdbath
James's truck,AtLocation,triatholon
Joseph's pizza,AtLocation,hamburger
Karen's umbrella,AtLocation,prison
David's bus,AtLocation,cowbarn
Susan's fork,AtLocation,bicycle_shop
William's bicycle,AtLocation,apple_tree
Elizabeth's kite,AtLocation,barnyard
David's knife,AtLocation,barn_or_racing_track
David's teddy_bear,AtLocation,living_room
Sarah's bench,AtLocation,ranch
Sarah's chair,AtLocation,countryside
William's horse,AtLocation,scrapyard
Barbara's kite,AtLocation,hand
Patricia's couch,AtLocation,america
Robert's boat,AtLocation,town
Joseph's book,AtLocation,houseplant
Barbara's cat,AtLocation,cabinet
Joseph's cow,AtLocation,orchard
John's sports_ball,AtLocation,ocala_florida
Thomas's mouse,AtLocation,a
Patricia's car,AtLocation,war
Joseph's zebra,AtLocation,area_of_computer
Robert's dog,AtLocation,own_home
Richard's bicycle,AtLocation,formal_dining_room
Susan's car,AtLocation,cupboard
Patricia's dog,AtLocation,cafe
Jennifer's cup,AtLocation,pizza_place
Barbara's mouse,AtLocation,dugout
Elizabeth's cow,AtLocation,train_station
Robert's mouse,AtLocation,freeway
Robert's knife,AtLocation,lobby
Mary's bicycle,AtLocation,abandoned_houses
Michael's cat,AtLocation,it's_kennel
Susan's mouse,AtLocation,plumbing_shop
Thomas's horse,AtLocation,water
Thomas's bicycle,AtLocation,school_room
Sarah's boat,AtLocation,hotel
Jessica's bird,AtLocation,homewares_department
Sarah's toilet,AtLocation,gym
David's book,AtLocation,garage
Jennifer's chair,AtLocation,stall
Jennifer's cat,AtLocation,ranch
Patricia's cow,AtLocation,seats
Sarah's keyboard,AtLocation,sofa
John's boat,AtLocation,serving_dish
Susan's boat,AtLocation,barn_full_of_grain
Thomas's horse,AtLocation,computer_store
Jennifer's cow,AtLocation,abandoned_houses
Joseph's oven,AtLocation,food
Susan's spoon,AtLocation,windowsill
Jennifer's banana,AtLocation,pet_store
Patricia's knife,AtLocation,spain
Patricia's cat,AtLocation,seats
Barbara's keyboard,AtLocation,horse_racetrack
Barbara's cat,AtLocation,bookshop
Karen's spoon,AtLocation,liquor_store
James's mouse,AtLocation,knife_holder
Susan's chair,AtLocation,wardrobe
William's airplane,AtLocation,fast_food_restaurant
Elizabeth's airplane,AtLocation,engraving
David's book,AtLocation,pasture_grazing
Joseph's person,AtLocation,dmoz
John's person,AtLocation,furniture_store
Susan's cat,AtLocation,backseat_of_car
Thomas's book,AtLocation,netherlands
Richard's mouse,AtLocation,woman's_hand
William's spoon,AtLocation,old_barn
David's dog,AtLocation,beam_of_sunlight
David's mouse,AtLocation,knife_block
Patricia's horse,AtLocation,stomach
Karen's bear,AtLocation,womens_department
Michael's horse,AtLocation,fair
Joseph's refrigerator,AtLocation,bathroom
Linda's person,AtLocation,stack
Mary's tv,AtLocation,herd
Michael's sports_ball,AtLocation,row
Barbara's cat,AtLocation,satchel
Barbara's cat,AtLocation,detroit
Barbara's tv,AtLocation,old_barn
Richard's clock,AtLocation,chinese_resturant
Sarah's cat,AtLocation,cat's_mouth
David's sports_ball,AtLocation,lap
Linda's kite,AtLocation,arizona
James's apple,AtLocation,food
Joseph's giraffe,AtLocation,oven
Robert's suitcase,AtLocation,central_park
William's horse,AtLocation,dishwasher
Sarah's scissors,AtLocation,picture_book_of_horses
Sarah's cow,AtLocation,formal_dining_room
David's scissors,AtLocation,tourist_store
William's boat,AtLocation,birdbath
Susan's mouse,AtLocation,nest
Robert's bus,AtLocation,pet_store
Sarah's bed,AtLocation,fast_food_restaurant
William's clock,AtLocation,hospital
Robert's mouse,AtLocation,bathroom_cabinet
David's dog,AtLocation,theatre
Thomas's horse,AtLocation,netherlands
David's horse,AtLocation,gym_locker
Susan's cake,AtLocation,relatives_house
Jennifer's cat,AtLocation,central_park
Karen's knife,AtLocation,bus_station
Sarah's chair,AtLocation,appliance_store
James's banana,AtLocation,chair
Charles's cake,AtLocation,antique_store
John's sandwich,AtLocation,quandry
Richard's chair,AtLocation,michaels_hand
Elizabeth's sports_ball,AtLocation,corral
Karen's chair,AtLocation,hospital_drug_storeroom
Barbara's bowl,AtLocation,formal_dining_room
Barbara's mouse,AtLocation,bakery
David's mouse,AtLocation,shed
Joseph's toothbrush,AtLocation,koppel
Linda's horse,AtLocation,office
Karen's mouse,AtLocation,dog_house
William's traffic_light,AtLocation,housewares_store
Sarah's fork,AtLocation,knife_block
David's knife,AtLocation,stabile
Karen's teddy_bear,AtLocation,sofa
Susan's car,AtLocation,hands_of_teacher
Thomas's car,AtLocation,alleyway
David's boat,AtLocation,appliance_store
Mary's mouse,AtLocation,ex_husbands_back
Elizabeth's mouse,AtLocation,backseat_of_car
Karen's mouse,AtLocation,esquestrian_event
Sarah's chair,AtLocation,sewer
John's cake,AtLocation,race_track
Joseph's mouse,AtLocation,arms
Jennifer's bus,AtLocation,garden
Jennifer's bus,AtLocation,bookshelf
William's fork,AtLocation,closet
Michael's car,AtLocation,small_hole
James's dog,AtLocation,orchard
Richard's book,AtLocation,packinglot
Susan's cow,AtLocation,kentucky
Susan's handbag,AtLocation,heat
Linda's dog,AtLocation,water
William's cow,AtLocation,parking_lot
Karen's mouse,AtLocation,supermarket
Michael's book,AtLocation,knife_holder
David's book,AtLocation,cabinet
Barbara's toothbrush,AtLocation,residence
Karen's bottle,AtLocation,loosebox
Karen's horse,AtLocation,corner
Robert's mouse,AtLocation,vet
Jessica's bottle,AtLocation,barn_or_racing_track
Susan's horse,AtLocation,appliance_store
Michael's spoon,AtLocation,relatives_house
John's fork,AtLocation,bus_stop
Barbara's cow,AtLocation,hospital_drug_storeroom
William's cow,AtLocation,orchard
Karen's kite,AtLocation,america
Jessica's cat,AtLocation,hole
James's scissors,AtLocation,trap
Linda's chair,AtLocation,movies
Susan's mouse,AtLocation,counter
Linda's book,AtLocation,pizza_store
Patricia's airplane,AtLocation,onstage_at_concert
Robert's book,AtLocation,box
Susan's cup,AtLocation,alley
Linda's bottle,AtLocation,cash's_room
Joseph's bus,AtLocation,netherlands
Barbara's horse,AtLocation,back
Jennifer's cow,AtLocation,train_station
Patricia's cow,AtLocation,dog_house
Sarah's cake,AtLocation,sporting_event
Sarah's dining_table,AtLocation,shelf
Michael's mouse,AtLocation,bedside_table
Linda's cat,AtLocation,harbor
William's bed,AtLocation,motel_room
Thomas's horse,AtLocation,medicine_cabinet
Barbara's book,AtLocation,bakery
Joseph's cat,AtLocation,spain
John's hot_dog,AtLocation,spain
Charles's cat,AtLocation,birdbath
Karen's car,AtLocation,book_store
Jessica's mouse,AtLocation,houseplant
Linda's chair,AtLocation,michigan
Thomas's potted_plant,AtLocation,silverware_drawer
Richard's elephant,AtLocation,movie
James's vase,AtLocation,computer
James's couch,AtLocation,bakery
Sarah's cat,AtLocation,sky
Susan's tv,AtLocation,chinese_resturant
Michael's toothbrush,AtLocation,great_outdoors
Susan's fork,AtLocation,esquestrian_event
James's mouse,AtLocation,sofa
Jennifer's cat,AtLocation,stabile
Richard's apple,AtLocation,repair_shop
Mary's bus,AtLocation,parking_lot
Linda's bottle,AtLocation,furniture_store
Patricia's cat,AtLocation,driveway
Michael's book,AtLocation,persons_heart
William's clock,AtLocation,lobby
Linda's car,AtLocation,laboratory
Sarah's cat,AtLocation,bus_depot
Thomas's bicycle,AtLocation,drawer_in_kitchen
Thomas's cat,AtLocation,stable
Jessica's cat,AtLocation,shelf
Linda's cat,AtLocation,coffee_table
Sarah's fork,AtLocation,sand_box
Patricia's cake,AtLocation,attic
Karen's couch,AtLocation,michaels_hand
Thomas's mouse,AtLocation,cash's_room
Jennifer's couch,AtLocation,equestrian_competition
Richard's mouse,AtLocation,bakery
Linda's mouse,AtLocation,bookshelves
Jessica's clock,AtLocation,deadhead's_van
Jessica's sheep,AtLocation,bus_stop
Barbara's horse,AtLocation,room
David's cow,AtLocation,grain_bin
Patricia's pizza,AtLocation,cargo_hold
Jessica's mouse,AtLocation,picture_book_of_horses
Jessica's dog,AtLocation,field_or_stable_or_mcdonalds
Barbara's refrigerator,AtLocation,lap
Thomas's vase,AtLocation,car_park
Charles's bird,AtLocation,gym_locker
Sarah's bus,AtLocation,counter
Patricia's knife,AtLocation,vet
Jennifer's bottle,AtLocation,lower_brances_of_tree
William's cake,AtLocation,arizona
Michael's apple,AtLocation,briefcase
Joseph's umbrella,AtLocation,bibliography_of_another_book
Elizabeth's mouse,AtLocation,shed
David's knife,AtLocation,stall_in_barn
Michael's keyboard,AtLocation,netherlands
Richard's mouse,AtLocation,finger
Susan's bicycle,AtLocation,sea
Jennifer's apple,AtLocation,cake_tin
Mary's bowl,AtLocation,alleyway
Jessica's kite,AtLocation,taxi
Karen's mouse,AtLocation,hospital
Robert's chair,AtLocation,bathroom
David's chair,AtLocation,air
Jennifer's elephant,AtLocation,air
James's cat,AtLocation,waiting_room
John's boat,AtLocation,beach
William's bus,AtLocation,plate
Barbara's toilet,AtLocation,opera
Karen's horse,AtLocation,michaels_hand
Linda's horse,AtLocation,department_store
John's horse,AtLocation,grain_field
John's cat,AtLocation,piano
Thomas's person,AtLocation,small_hole
Joseph's frisbee,AtLocation,shed
Patricia's mouse,AtLocation,schoolyard
John's cup,AtLocation,home
Karen's horse,AtLocation,phine_directory
Robert's couch,AtLocation,bowl
Jennifer's chair,AtLocation,circus
Jennifer's chair,AtLocation,bush
Karen's horse,AtLocation,cutlery_drawer
Susan's bus,AtLocation,kentucky
Charles's cow,AtLocation,hands_of_teacher
Karen's car,AtLocation,glass_of_iced_tea
Robert's tv,AtLocation,corral
David's toilet,AtLocation,washing_up_bowl
Barbara's mouse,AtLocation,motel_room
Elizabeth's book,AtLocation,phine_directory
James's mouse,AtLocation,area_of_computer
Richard's toilet,AtLocation,middle_of_eating_grass
Susan's bird,AtLocation,cat_litter_tray
Charles's cat,AtLocation,produce_section_of_supermarket
Richard's bench,AtLocation,housewares_store
Robert's cow,AtLocation,mousehouse
Karen's tv,AtLocation,wet_city
Susan's mouse,AtLocation,beach
Susan's airplane,AtLocation,neighbor's_house
Joseph's handbag,AtLocation,sports_bar
Karen's horse,AtLocation,seattle
David's cup,AtLocation,disneyland
Robert's book,AtLocation,family_room
Patricia's suitcase,AtLocation,grain_silo
Joseph's umbrella,AtLocation,africa
James's person,AtLocation,laundry_room
David's tv,AtLocation,corner_of_two_streets
John's sports_ball,AtLocation,chair
Thomas's spoon,AtLocation,bookshelf
Jennifer's cat,AtLocation,kitchen_drawer
Patricia's dog,AtLocation,bedroom
Jennifer's dog,AtLocation,movies
Jennifer's dog,AtLocation,fence
Sarah's mouse,AtLocation,street_corner
Richard's airplane,AtLocation,row
Susan's chair,AtLocation,koppel
James's cow,AtLocation,computer
John's cat,AtLocation,highway
John's spoon,AtLocation,school_room
Jessica's zebra,AtLocation,nature
Charles's tv,AtLocation,outside_in_pasture
Jessica's mouse,AtLocation,city
Sarah's horse,AtLocation,demonstration
Patricia's cat,AtLocation,backpack
Patricia's bed,AtLocation,charlie_chaplin_film
Thomas's keyboard,AtLocation,book_club
Joseph's mouse,AtLocation,shop
Karen's giraffe,AtLocation,cabinet
Richard's clock,AtLocation,persons_heart
Elizabeth's mouse,AtLocation,stall
Jennifer's book,AtLocation,tree
Sarah's book,AtLocation,hole_in_wall
James's bowl,AtLocation,houseplant
Thomas's mouse,AtLocation,canada
David's cat,AtLocation,pantry
Linda's cow,AtLocation,use
Susan's spoon,AtLocation,artifact
Michael's cow,AtLocation,backpack
Jessica's cat,AtLocation,office_building
John's book,AtLocation,fenced_in_area
Susan's cat,AtLocation,department_store
Charles's cup,AtLocation,classroom
Mary's dog,AtLocation,countryside
Michael's couch,AtLocation,equestrian_competition
Susan's keyboard,AtLocation,movie
Thomas's bird,AtLocation,slaughter_house
Jessica's bus,AtLocation,toffee_apple
Sarah's mouse,AtLocation,room_of_educated_person
Thomas's cat,AtLocation,hanger
Elizabeth's mouse,AtLocation,artifact
Jennifer's mouse,AtLocation,big_cities
Sarah's horse,AtLocation,residence
Barbara's knife,AtLocation,back_yard
Joseph's mouse,AtLocation,vet
Mary's vase,AtLocation,knife_store
Elizabeth's mouse,AtLocation,cake_tin
Elizabeth's couch,AtLocation,serving_dish
Sarah's chair,AtLocation,appartments
James's bowl,AtLocation,horses_mouth
Barbara's dining_table,AtLocation,it's_kennel
Michael's horse,AtLocation,bookcase
Thomas's toothbrush,AtLocation,barn_or_racing_track
John's motorcycle,AtLocation,tourist_store
Jennifer's horse,AtLocation,corner_of_two_streets
Joseph's bus,AtLocation,race_track
Joseph's mouse,AtLocation,hamburger_meat
Mary's bus,AtLocation,michaels_hand
Linda's toothbrush,AtLocation,loosebox
Patricia's bird,AtLocation,driveway
Susan's knife,AtLocation,grain_silo
Jessica's book,AtLocation,child's_hand
James's tv,AtLocation,resturant
Thomas's keyboard,AtLocation,parking_garage
Joseph's kite,AtLocation,town
Charles's toilet,AtLocation,driveway
John's oven,AtLocation,confession
Jennifer's book,AtLocation,sea
Mary's chair,AtLocation,book_bag
John's cup,AtLocation,driveway
Jessica's mouse,AtLocation,conference
David's horse,AtLocation,belly
Barbara's dog,AtLocation,cornfield
Mary's suitcase,AtLocation,repair_shop
Patricia's person,AtLocation,grain
Richard's cake,AtLocation,supermarket
Sarah's mouse,AtLocation,childs_sand_box
Thomas's horse,AtLocation,finger
David's bicycle,AtLocation,tokyo
Richard's boat,AtLocation,computer
Barbara's cup,AtLocation,barnyard
Richard's bird,AtLocation,hole
Joseph's suitcase,AtLocation,lunchbox
Joseph's chair,AtLocation,horses_mouth
Thomas's tv,AtLocation,backpack
Richard's tv,AtLocation,toffee_apple
Joseph's cat,AtLocation,gym
Richard's knife,AtLocation,butcher's_when_dead
Joseph's car,AtLocation,college_store
Karen's sink,AtLocation,wal_mart
Patricia's knife,AtLocation,motel_room
William's book,AtLocation,hanger
Michael's bus,AtLocation,cat_box
Michael's fork,AtLocation,fork_in_road
John's mouse,AtLocation,fielf
Barbara's bird,AtLocation,building
Karen's sheep,AtLocation,heat
James's spoon,AtLocation,quandry
Jessica's spoon,AtLocation,charlie_chaplin_film
Robert's keyboard,AtLocation,netherlands
Barbara's car,AtLocation,fast_food_restaurant
Patricia's book,AtLocation,cutlery_drawer
Karen's chair,AtLocation,chinese_resturant
Mary's horse,AtLocation,bowl_of_soup
Barbara's chair,AtLocation,apple_pie
Sarah's book,AtLocation,phine_directory
Thomas's mouse,AtLocation,livestock_market
Barbara's person,AtLocation,bag
David's bed,AtLocation,dentist
Susan's bicycle,AtLocation,building
Thomas's cat,AtLocation,book_bag
Jennifer's book,AtLocation,stomach
Joseph's cat,AtLocation,historical_photographs
Sarah's cat,AtLocation,grain_silo
William's airplane,AtLocation,cartoon
Robert's horse,AtLocation,row
Susan's cow,AtLocation,fairgrounds
Linda's pizza,AtLocation,computer
Barbara's apple,AtLocation,theatre
Jessica's cat,AtLocation,dirty_house
Robert's cow,AtLocation,monkey's_hand
Susan's apple,AtLocation,cake_tin
Patricia's pizza,AtLocation,sheath
Jennifer's mouse,AtLocation,nursery
David's cat,AtLocation,wild
Elizabeth's keyboard,AtLocation,mousehouse
Michael's car,AtLocation,train_station
Susan's horse,AtLocation,loft
Elizabeth's train,AtLocation,lap
Mary's handbag,AtLocation,confession
James's knife,AtLocation,bay
James's bicycle,AtLocation,glass_of_iced_tea
Richard's oven,AtLocation,store_at_beach
Jennifer's dog,AtLocation,kentucky
Sarah's knife,AtLocation,hospital_drug_storeroom
Michael's keyboard,AtLocation,street_corner
Mary's cat,AtLocation,college_store
Patricia's bird,AtLocation,medicine_cabinet
Karen's bird,AtLocation,hole_in_wall
Thomas's cat,AtLocation,stable
David's mouse,AtLocation,hiding
Jessica's car,AtLocation,den
Thomas's horse,AtLocation,alley
Joseph's cat,AtLocation,red_barn
Thomas's couch,AtLocation,green_field
Barbara's kite,AtLocation,relatives_house
Karen's mouse,AtLocation,swamp
Mary's person,AtLocation,country_field
Patricia's bicycle,AtLocation,country_field
David's cat,AtLocation,drug_store
Barbara's toilet,AtLocation,ground
